comment,good,reasoning,moves,context,reformulated
"Although Shirov has played a variety of defenses, I think he's been playing the Petroff's Defense and perhaps the Caro-Kann most recently.",False,"

The comment does not explain the mistake as it provides information about the potential openings but does not discuss the specific move that was evaluated as a mistake.",1. e4 c5,"This is a game between Karjakin, Sergey (as White) and Shirov, Alexei (as Black). Last move played: Black plays Pawn to c5",-
"Neo-Sveshnikov or Lowenthal leaves d5 (and perhaps d6) weak. More common is 4...Nf6, forcing White to defend Pe4 and threatening ...d5.",True,"

The comment accurately highlights a common mistake in the opening, where leaving the d5 pawn undefended can pose problems and the suggested move of 4...Nf6 provides a better defensive strategy.",1. e4 c5 2. Nf3 Nc6 3. d4 cxd4 4. Nxd4 e5,"This is a game between Karjakin, Sergey (as White) and Shirov, Alexei (as Black). Last move played: Black plays Pawn to e5"," Karjakin decided to play 4...Nf6, which is a common approach. However, this move weakens Black's d5 square. Instead, they should consider other moves to protect this crucial point."
"He threatens Nc3-d5 and Nc7+, so Black must nip that idea in the bud.",True,"

The comment accurately explains the mistake by pointing out the potential threats Black can create after White's move.",1. e4 c5 2. Nf3 Nc6 3. d4 cxd4 4. Nxd4 e5 5. Nb5 d6 6. N1c3,"This is a game between Karjakin, Sergey (as White) and Shirov, Alexei (as Black). Last move played: White plays Knight to c3"," ""White's last move opens up potential for Nc3-d5 and Nc7+, which Black should address immediately."""
"Instead of White dominating square c4 it's Black who controls it, for the moment. Eventually piece play should dominate a position more than pawns. There is also the immediate threat of ...b4.",True,"

The annotation correctly identifies a mistake made by the player, pointing out the loss of control over c4 and the potential threat of...b4 by Black.",1. e4 c5 2. Nf3 Nc6 3. d4 cxd4 4. Nxd4 e5 5. Nb5 d6 6. N1c3 a6 7. Na3 b5,"This is a game between Karjakin, Sergey (as White) and Shirov, Alexei (as Black). Last move played: Black plays Pawn to b5"," Black's control of square c4 is notable, but White could look to reassert dominance in the center with piece development. There's also the potential threat of...b4, which Black must consider carefully."
"White could continue with Bc1-e3-b6 and Nc7+, so Black has to react quickly.",False,"

The comment does not explain the mistake made by the player as it does not specify which move was played incorrectly.",1. e4 c5 2. Nf3 Nc6 3. d4 cxd4 4. Nxd4 e5 5. Nb5 d6 6. N1c3 a6 7. Na3 b5 8. Nd5,"This is a game between Karjakin, Sergey (as White) and Shirov, Alexei (as Black). Last move played: White plays Knight to d5",-
This makes the pawns a bit unbalanced with White advancing on the queen-side. Aside from Pb5 Black shouldn't have much difficulty completing his development.,True,"

The comment accurately describes the mistake made by the player, as advancing the pawn on the queen-side creates an imbalance and allows Black to easily complete development.",1. e4 c5 2. Nf3 Nc6 3. d4 cxd4 4. Nxd4 e5 5. Nb5 d6 6. N1c3 a6 7. Na3 b5 8. Nd5 Nce7 9. c4 Nxd5 10. exd5,"This is a game between Karjakin, Sergey (as White) and Shirov, Alexei (as Black). Last move played: White plays Pawn takes on d5"," White's pawn advance on the queen-side unbalances the pawn structure, and Black should find it relatively easy to continue developing their pieces."
Now White controls c4!,False,"

The comment does not explain the mistake made by the player because it fails to mention the reason why controlling c4 is a mistake, and there is no context provided for the game situation.",1. e4 c5 2. Nf3 Nc6 3. d4 cxd4 4. Nxd4 e5 5. Nb5 d6 6. N1c3 a6 7. Na3 b5 8. Nd5 Nce7 9. c4 Nxd5 10. exd5 bxc4 11. Nxc4,"This is a game between Karjakin, Sergey (as White) and Shirov, Alexei (as Black). Last move played: White plays Knight takes on c4",-
"aiming for a4-a5 and Nb6 or Bb6 to cramp Black, but making Pb2 backward! That and the slightly exposed Pd5 make White's position suspicous. Where's his offense coming from? I suppose he thinks it's necessary to use a Nb6 to defend Pd5, but ...Nf6-d7 can chase a Nb6 away, exposing Pb2. If he continues his queen-side advance then one of the pawns gives him the advantage. So, where's Black's offense come from?",True,"

The comment accurately analyzes the move's mistake by explaining the potential weaknesses and threats it creates, such as the backward pawn on b2 and the exposed pawn on d5.",1. e4 c5 2. Nf3 Nc6 3. d4 cxd4 4. Nxd4 e5 5. Nb5 d6 6. N1c3 a6 7. Na3 b5 8. Nd5 Nce7 9. c4 Nxd5 10. exd5 bxc4 11. Nxc4 Nf6 12. Be3 Rb8 13. Be2 Be7 14. a4,"This is a game between Karjakin, Sergey (as White) and Shirov, Alexei (as Black). Last move played: White plays Pawn to a4"," White's move to a4 is questionable, as it weakens their pawn structure with an exposed Pd5 and a backward Pb2. Black has the opportunity to exploit this by advancing the pawns on the queen side, potentially creating a pawn majority that could turn into a significant advantage. The move Nf6-d7 by Black can disrupt White's plan by taking away the knight that was covering Pd5, further exposing White's weakened pawn structure on the queenside."
The bishop is badly placed on the b-file.,True,"

The comment accurately explains the mistake made by the player as it identifies a critical flaw in the positioning of the bishop.",1. e4 c5 2. Nf3 Nc6 3. d4 cxd4 4. Nxd4 e5 5. Nb5 d6 6. N1c3 a6 7. Na3 b5 8. Nd5 Nce7 9. c4 Nxd5 10. exd5 bxc4 11. Nxc4 Nf6 12. Be3 Rb8 13. Be2 Be7 14. a4 O-O 15. O-O Bb7,"This is a game between Karjakin, Sergey (as White) and Shirov, Alexei (as Black). Last move played: Black plays Bishop to b7", The bishop's placement on the b7 square is a strategic error.
"There it is! But, does it really work?",True,"
The comment refers to a mistake made by the player, suggesting that the move does not achieve its intended goal or is not strategically sound.",1. e4 c5 2. Nf3 Nc6 3. d4 cxd4 4. Nxd4 e5 5. Nb5 d6 6. N1c3 a6 7. Na3 b5 8. Nd5 Nce7 9. c4 Nxd5 10. exd5 bxc4 11. Nxc4 Nf6 12. Be3 Rb8 13. Be2 Be7 14. a4 O-O 15. O-O Bb7 16. Nb6 Nd7,"This is a game between Karjakin, Sergey (as White) and Shirov, Alexei (as Black). Last move played: Black plays Knight to d7", 'Black has made a move. It doesn't appear effective.'
keeping a foot planted firmly on both the queen- and king-side and preparing some kind of king-side offensive,False,"

The comment does not specifically address the quality of the player's move but rather describes a general strategy, suggesting that a mistake was not necessarily made in the move discussed.",1. e4 c5 2. Nf3 Nc6 3. d4 cxd4 4. Nxd4 e5 5. Nb5 d6 6. N1c3 a6 7. Na3 b5 8. Nd5 Nce7 9. c4 Nxd5 10. exd5 bxc4 11. Nxc4 Nf6 12. Be3 Rb8 13. Be2 Be7 14. a4 O-O 15. O-O Bb7 16. Nb6 Nd7 17. a5 f5 18. f3 Nxb6 19. Bxb6 Qd7,"This is a game between Karjakin, Sergey (as White) and Shirov, Alexei (as Black). Last move played: Black plays Queen to d7",-
If it's backward then trade it off. In this case b4-b5xa6 would make a passed pawn; ...a6xb5 does the same.,True,"

The comment correctly explains the mistake made by the player, as exchanging the pawn at b4 for the knight at a6 would have created a passed pawn advantage.",1. e4 c5 2. Nf3 Nc6 3. d4 cxd4 4. Nxd4 e5 5. Nb5 d6 6. N1c3 a6 7. Na3 b5 8. Nd5 Nce7 9. c4 Nxd5 10. exd5 bxc4 11. Nxc4 Nf6 12. Be3 Rb8 13. Be2 Be7 14. a4 O-O 15. O-O Bb7 16. Nb6 Nd7 17. a5 f5 18. f3 Nxb6 19. Bxb6 Qd7 20. b4,"This is a game between Karjakin, Sergey (as White) and Shirov, Alexei (as Black). Last move played: White plays Pawn to b4"," In this position, trading a bishop for a pawn can be a mistake. White's play of b4-b5xa6 creates a passed pawn, while Black's response a6xb5 achieves the same."
"threatening ...f4 and ...e5-e4-e3, but once that threat is avoided then what is Bf6 doing?",True,"

The comment explains the mistake made by the player, as it identifies the threats on the opponent's position and questions the rationale behind a suboptimal move (Bf6).",1. e4 c5 2. Nf3 Nc6 3. d4 cxd4 4. Nxd4 e5 5. Nb5 d6 6. N1c3 a6 7. Na3 b5 8. Nd5 Nce7 9. c4 Nxd5 10. exd5 bxc4 11. Nxc4 Nf6 12. Be3 Rb8 13. Be2 Be7 14. a4 O-O 15. O-O Bb7 16. Nb6 Nd7 17. a5 f5 18. f3 Nxb6 19. Bxb6 Qd7 20. b4 Bd8 21. Be3 Bf6,"This is a game between Karjakin, Sergey (as White) and Shirov, Alexei (as Black). Last move played: Black plays Bishop to f6"," Karjakin, playing as White, initiates a pawn move which could control the center and provide potential space for their pieces. However, Shirov, playing as Black, replies with a bishop to f6, which does not directly counter White's strategy. The move is somewhat passive and does not immediately challenge White's center control or contribute to Black's piece activity."
"Keeping the rook on the a-file, to back up Pa5, might be appealing, but Pb4 needs more immediate support.",True,"

The comment accurately highlights the issue with the move Pb4, emphasizing the need for immediate support for the pawn on b4.",1. e4 c5 2. Nf3 Nc6 3. d4 cxd4 4. Nxd4 e5 5. Nb5 d6 6. N1c3 a6 7. Na3 b5 8. Nd5 Nce7 9. c4 Nxd5 10. exd5 bxc4 11. Nxc4 Nf6 12. Be3 Rb8 13. Be2 Be7 14. a4 O-O 15. O-O Bb7 16. Nb6 Nd7 17. a5 f5 18. f3 Nxb6 19. Bxb6 Qd7 20. b4 Bd8 21. Be3 Bf6 22. Rb1,"This is a game between Karjakin, Sergey (as White) and Shirov, Alexei (as Black). Last move played: White plays Rook to b1", 'White's Rook to b1 move doesn't support Black's Pa5 well. It's better to keep the Rook on the a-file to help back up Black's pawn.'
Mostly desperation I think. White's offense is rolling along nicely and Black has none.,False,"

The comment doesn't specifically address the nature of the mistake made in the previous move, instead it gives an overall assessment of the game state.",1. e4 c5 2. Nf3 Nc6 3. d4 cxd4 4. Nxd4 e5 5. Nb5 d6 6. N1c3 a6 7. Na3 b5 8. Nd5 Nce7 9. c4 Nxd5 10. exd5 bxc4 11. Nxc4 Nf6 12. Be3 Rb8 13. Be2 Be7 14. a4 O-O 15. O-O Bb7 16. Nb6 Nd7 17. a5 f5 18. f3 Nxb6 19. Bxb6 Qd7 20. b4 Bd8 21. Be3 Bf6 22. Rb1 Rbc8 23. b5 axb5 24. Rxb5 e4,"This is a game between Karjakin, Sergey (as White) and Shirov, Alexei (as Black). Last move played: Black plays Pawn to e4",-
"White doesn't want to play f3-f4 and leave Black with a protected passed pawn at e4. And, I understand that feeling. However, to open lines means to give Black other possibilities.",True,"

The comment accurately explains that moving the pawn to f3 could potentially weaken Black's position by creating a protected passed pawn at e4, and that opening lines may offer Black additional possibilities.",1. e4 c5 2. Nf3 Nc6 3. d4 cxd4 4. Nxd4 e5 5. Nb5 d6 6. N1c3 a6 7. Na3 b5 8. Nd5 Nce7 9. c4 Nxd5 10. exd5 bxc4 11. Nxc4 Nf6 12. Be3 Rb8 13. Be2 Be7 14. a4 O-O 15. O-O Bb7 16. Nb6 Nd7 17. a5 f5 18. f3 Nxb6 19. Bxb6 Qd7 20. b4 Bd8 21. Be3 Bf6 22. Rb1 Rbc8 23. b5 axb5 24. Rxb5 e4 25. fxe4,"This is a game between Karjakin, Sergey (as White) and Shirov, Alexei (as Black). Last move played: White plays Pawn takes on e4"," 'White is hesitant to move their pawn from f3 to f4, which would secure a protected passed pawn for Black on e4. It's understood that this move would open lines for Black, offering them other strategic options.'"
defending Pe4 and threatening Be2-b5 or a5-a6 seems correct,True,"
The comment explains the mistake made by the player as it suggests that defending Pe4 and threatening Be2-b5 or a5-a6 is a correct strategy, indicating that the previously played move was not optimal.",1. e4 c5 2. Nf3 Nc6 3. d4 cxd4 4. Nxd4 e5 5. Nb5 d6 6. N1c3 a6 7. Na3 b5 8. Nd5 Nce7 9. c4 Nxd5 10. exd5 bxc4 11. Nxc4 Nf6 12. Be3 Rb8 13. Be2 Be7 14. a4 O-O 15. O-O Bb7 16. Nb6 Nd7 17. a5 f5 18. f3 Nxb6 19. Bxb6 Qd7 20. b4 Bd8 21. Be3 Bf6 22. Rb1 Rbc8 23. b5 axb5 24. Rxb5 e4 25. fxe4 Rfe8 26. Rb4,"This is a game between Karjakin, Sergey (as White) and Shirov, Alexei (as Black). Last move played: White plays Rook to b4"," ""White's Rook move to b4 does not defend the pawn on e4, and does not pose an immediate threat to Black's Bishop on e2 or their pawn on a5. This move is not defensive and doesn't exert pressure on Black's position."""
"Now begins a forcing sequence. White doesn't want to move Rb4, so he threatens Black.",True,"

The comment accurately explains the mistake made by the player, indicating a forcing sequence initiated by the opponent.",1. e4 c5 2. Nf3 Nc6 3. d4 cxd4 4. Nxd4 e5 5. Nb5 d6 6. N1c3 a6 7. Na3 b5 8. Nd5 Nce7 9. c4 Nxd5 10. exd5 bxc4 11. Nxc4 Nf6 12. Be3 Rb8 13. Be2 Be7 14. a4 O-O 15. O-O Bb7 16. Nb6 Nd7 17. a5 f5 18. f3 Nxb6 19. Bxb6 Qd7 20. b4 Bd8 21. Be3 Bf6 22. Rb1 Rbc8 23. b5 axb5 24. Rxb5 e4 25. fxe4 Rfe8 26. Rb4 Bc3,"This is a game between Karjakin, Sergey (as White) and Shirov, Alexei (as Black). Last move played: Black plays Bishop to c3"," White has played a move that White doesn't want. Threatening Black's pieces, specifically targeting the Bishop on c3."
Now what? Be8 and Pa5 are threatened. Obviously Be8 needs to move and threaten something or White needs to threaten Bb4 or Kg8.,True,"

The comment accurately explains the mistake made by identifying the threats and suggesting appropriate responses.",1. e4 c5 2. Nf3 Nc6 3. d4 cxd4 4. Nxd4 e5 5. Nb5 d6 6. N1c3 a6 7. Na3 b5 8. Nd5 Nce7 9. c4 Nxd5 10. exd5 bxc4 11. Nxc4 Nf6 12. Be3 Rb8 13. Be2 Be7 14. a4 O-O 15. O-O Bb7 16. Nb6 Nd7 17. a5 f5 18. f3 Nxb6 19. Bxb6 Qd7 20. b4 Bd8 21. Be3 Bf6 22. Rb1 Rbc8 23. b5 axb5 24. Rxb5 e4 25. fxe4 Rfe8 26. Rb4 Bc3 27. Bb5 Qd8 28. Bxe8 Bxb4,"This is a game between Karjakin, Sergey (as White) and Shirov, Alexei (as Black). Last move played: Black plays Bishop takes on b4", White's last move was weak. The move Be8 is under attack and needs to defend itself. White should either move the Bishop to threaten Black's pawn on b4 or threaten the Black King on g8 to create pressure.
If Black can't trade off Bb7 then he's just lost a valuable tempo and White can take the advantage in the center by capturing Pf5. Pa5 becomes a casualty of the campaign.,True,"

The comment accurately explains the mistake by highlighting the loss of tempo and the strategic advantage gained by White after capturing the pawn on f5.",1. e4 c5 2. Nf3 Nc6 3. d4 cxd4 4. Nxd4 e5 5. Nb5 d6 6. N1c3 a6 7. Na3 b5 8. Nd5 Nce7 9. c4 Nxd5 10. exd5 bxc4 11. Nxc4 Nf6 12. Be3 Rb8 13. Be2 Be7 14. a4 O-O 15. O-O Bb7 16. Nb6 Nd7 17. a5 f5 18. f3 Nxb6 19. Bxb6 Qd7 20. b4 Bd8 21. Be3 Bf6 22. Rb1 Rbc8 23. b5 axb5 24. Rxb5 e4 25. fxe4 Rfe8 26. Rb4 Bc3 27. Bb5 Qd8 28. Bxe8 Bxb4 29. Bc6 Ba6,"This is a game between Karjakin, Sergey (as White) and Shirov, Alexei (as Black). Last move played: Black plays Bishop to a6"," Black's failure to exchange the bishop on b7 means they've forfeited a strategic tempo, allowing White to seize central control by capturing pawn on f5. This move puts Black's pawn on e5 at risk."
"tries to make the king safer, but might be wasting a valuable tempo",True,"

The comment appropriately describes the trade-off involved in making the king safer, potentially sacrificing a tempo, which can be considered a mistake if the tempo lost resulted in a disadvantageous position or positional concessions.",1. e4 c5 2. Nf3 Nc6 3. d4 cxd4 4. Nxd4 e5 5. Nb5 d6 6. N1c3 a6 7. Na3 b5 8. Nd5 Nce7 9. c4 Nxd5 10. exd5 bxc4 11. Nxc4 Nf6 12. Be3 Rb8 13. Be2 Be7 14. a4 O-O 15. O-O Bb7 16. Nb6 Nd7 17. a5 f5 18. f3 Nxb6 19. Bxb6 Qd7 20. b4 Bd8 21. Be3 Bf6 22. Rb1 Rbc8 23. b5 axb5 24. Rxb5 e4 25. fxe4 Rfe8 26. Rb4 Bc3 27. Bb5 Qd8 28. Bxe8 Bxb4 29. Bc6 Ba6 30. Rxf5 Bxa5 31. h3 Rb8 32. Kh2,"This is a game between Karjakin, Sergey (as White) and Shirov, Alexei (as Black). Last move played: White plays King to h2"," Karjakin, Sergey (as White), tries to make their king safer with the move to h2, but it might be wasting a valuable tempo."
Why weaken the king's position when there is still room for piece activity improvements.,True,"

The comment accurately identifies the mistake by pointing out the unnecessary weakening of the king's position while suggesting better piece activity instead.",1. e4 c5 2. Nf3 Nc6 3. d4 cxd4 4. Nxd4 e5 5. Nb5 d6 6. N1c3 a6 7. Na3 b5 8. Nd5 Nce7 9. c4 Nxd5 10. exd5 bxc4 11. Nxc4 Nf6 12. Be3 Rb8 13. Be2 Be7 14. a4 O-O 15. O-O Bb7 16. Nb6 Nd7 17. a5 f5 18. f3 Nxb6 19. Bxb6 Qd7 20. b4 Bd8 21. Be3 Bf6 22. Rb1 Rbc8 23. b5 axb5 24. Rxb5 e4 25. fxe4 Rfe8 26. Rb4 Bc3 27. Bb5 Qd8 28. Bxe8 Bxb4 29. Bc6 Ba6 30. Rxf5 Bxa5 31. h3 Rb8 32. Kh2 g6,"This is a game between Karjakin, Sergey (as White) and Shirov, Alexei (as Black). Last move played: Black plays Pawn to g6"," ""White's move has not strengthened the position or contributed to active piece play."""
"After this it's difficult to find a good move for Black, despite there being no direct threat.",True,"

The comment accurately explains the mistake made by the player as it acknowledges that the move does not create a direct threat but still limits Black's options.",1. e4 c5 2. Nf3 Nc6 3. d4 cxd4 4. Nxd4 e5 5. Nb5 d6 6. N1c3 a6 7. Na3 b5 8. Nd5 Nce7 9. c4 Nxd5 10. exd5 bxc4 11. Nxc4 Nf6 12. Be3 Rb8 13. Be2 Be7 14. a4 O-O 15. O-O Bb7 16. Nb6 Nd7 17. a5 f5 18. f3 Nxb6 19. Bxb6 Qd7 20. b4 Bd8 21. Be3 Bf6 22. Rb1 Rbc8 23. b5 axb5 24. Rxb5 e4 25. fxe4 Rfe8 26. Rb4 Bc3 27. Bb5 Qd8 28. Bxe8 Bxb4 29. Bc6 Ba6 30. Rxf5 Bxa5 31. h3 Rb8 32. Kh2 g6 33. Bg5 Qc7 34. Rf3,"This is a game between Karjakin, Sergey (as White) and Shirov, Alexei (as Black). Last move played: White plays Rook to f3"," 'White's last move to play Rook to f3 was a tough choice for 'Black', as there wasn't any immediate threat."
and checkmate is unavoidable. The weakening ...g6 has to be blamed for part of this mess.,True,"

The comment accurately describes the mistake of weakening the position with...g6, leading to a potential checkmate.",1. e4 c5 2. Nf3 Nc6 3. d4 cxd4 4. Nxd4 e5 5. Nb5 d6 6. N1c3 a6 7. Na3 b5 8. Nd5 Nce7 9. c4 Nxd5 10. exd5 bxc4 11. Nxc4 Nf6 12. Be3 Rb8 13. Be2 Be7 14. a4 O-O 15. O-O Bb7 16. Nb6 Nd7 17. a5 f5 18. f3 Nxb6 19. Bxb6 Qd7 20. b4 Bd8 21. Be3 Bf6 22. Rb1 Rbc8 23. b5 axb5 24. Rxb5 e4 25. fxe4 Rfe8 26. Rb4 Bc3 27. Bb5 Qd8 28. Bxe8 Bxb4 29. Bc6 Ba6 30. Rxf5 Bxa5 31. h3 Rb8 32. Kh2 g6 33. Bg5 Qc7 34. Rf3 Rb4 35. Bh6 Rb8 36. Qa1 Be2 37. Rf2 Bd3 38. Qf6,"This is a game between Karjakin, Sergey (as White) and Shirov, Alexei (as Black). Last move played: White plays Queen to f6"," ""White's move with the Queen to f6 is a strategic error; it exposes...g6, which significantly weakens their position."""
