prompt,output,target,BLEU score,ROUGE-1 score,ROUGE-2 score,ROUGE-L score,METEOR score,BERTScore
"Based on the following information:
moves: 1. e4 e5 2. Nf3 Nc6 3. Bc4 Be7 4. d4 d6 5. Nc3 Nf6 6. O-O O-O 7. h3 a6 8. a4 h6 9. a5 Re8 10. d5 Nb8 11. Ne1 Nh7 12. f4 exf4 13. Bxf4 Bf6 14. Qf3 Nd7 15. Nd3 Qe7 16. Rae1 Ne5
engine_eval: Large advantage for White (eval: 117 centipawns)
engine_best_line: 17. Nxe5 dxe5 18. Be3 Rf8 19. Ra1 Bd7 20. d6 cxd6 21. Nd5 Qd8 22. Bxh6 Rc8 23. b3 Bg5 24. Bxg5 Nxg5 25. Qe2 Bc6 26. Rad1 Bxd5 27. Bxd5 Qe7 28. Qd2 Ne6 29. Kh2 Nf4 30. Bc4 Rc6 
engine_best_alternative: 16... Rf8 17. Ne2 Ne5 18. Bxe5 Bxe5 19. Nef4 Bd7 20. Nxe5 Qxe5 21. Qe3 Rae8 22. Nd3 Qe7 23. Qd4 Nf6 24. Rf4 c5 25. dxc6 Bxc6 26. e5 dxe5 27. Nxe5 Rd8 28. Qf2 Bd5 29. Bxd5 Nxd5 30. Nxf7 Qc7 
Here is an explanation on why the last move played was a mistake:","Black has a significant advantage in the position after this move. White is already down a pawn and the bishop on c3 is still in the game. White's rook on d3 is still undeveloped. Black's knight on f7 is still undeveloped. White can still gain a positional advantage, but it","Another mistake by black. This is rather poor play for an expert. The battle for e5 (""Fight for the Center"") is key, therefore he should've played ...Nf8! with the idea of Ng6, and the stranglehold control of e5 would give him a small advantage.",2.035456845061532,0.19230769230769232,0.0196078431372549,0.15384615384615385,0.0896860986547085,0.10495549440383911
"Based on the following information:
moves: 1. e4 e5 2. Nf3 Nc6 3. Nc3 d6 4. Bc4 Nf6 5. Ng5 Be6 6. Bxe6 fxe6 7. Nxe6 Qe7 8. Nb5 Rc8 9. Nbxc7+ Rxc7 10. Nxc7+ Qxc7 11. d3 Nd4 12. c3 Qa5 13. b4 Qc7 14. O-O Qxc3 15. Bd2 Qxd3 16. Re1 Nc2 17. Rc1 Nxe1 18. Qa4+ Kf7 19. Bxe1 Nxe4 20. Qd7+ Kf6 21. Qd8+ Be7 22. Qd7
engine_eval: Large advantage for Black (eval: -361 centipawns)
engine_best_line: 22... Rd8 23. Qxb7 d5 24. h3 d4 25. Kh2 Nd6 26. Qxa7 Qe4 27. Bd2 Qb7 28. Qa4 Ne4 29. Be1 Qd5 30. b5 Nc5 31. Qa7 d3 32. Bb4 Rd7 33. b6 Ne6 34. Bxe7+ Rxe7 35. Qa3 e4 36. Qb4 d2 
engine_best_alternative: 22. Qxh8 Ng5 23. Rc3 Qd1 24. Re3 d5 25. Qb8 Nf7 26. Qxb7 Nd6 27. Qc6 Ke6 28. Kf1 d4 29. Re2 d3 30. Rd2 Qb1 31. Qc3 e4 32. Qxg7 h5 33. Qg8+ Kd7 34. Qb3 Qxb3 35. axb3 Bg5 36. Rd1 
Here is an explanation on why the last move played was a mistake:",White played 22. Qxh8 Ng5 23. Rc3 Qd1 24. Re3 d5 25. Qb8 Nf7 26. Qxb7 Nd6 27. Qc6 Ke6 28. Kf1 d4 29. Re,Qh8! gives black a winning position. Don't waste a check if you have no follow up.,1.3355980882200829,0.0,0.0,0.0,0.0,-0.25596827268600464
"Based on the following information:
moves: 1. e4 c5 2. c3 Nf6 3. e5 Nd5 4. d4 cxd4 5. Qxd4 e6 6. Bf4 Nc6 7. Qd2 h6 8. Bb5 Be7 9. Bxc6 dxc6
engine_eval: Slight advantage for Black (eval: -44 centipawns)
engine_best_line: 10. Nf3 
engine_best_alternative: 9... bxc6 10. Bg3 Ba6 11. Ne2 O-O 12. Qc2 h5 13. h4 d6 14. Nd2 dxe5 15. Bxe5 f6 16. Bg3 Qd7 17. a3 Nb6 18. c4 e5 19. f3 Rad8 20. Bf2 Qe6 
Here is an explanation on why the last move played was a mistake:","The opening was played in a very solid way, with black's pieces well developed and a strong pawn structure. White's first move was not bad, but black's moves were good. White was on the defensive with the bishop on c6. White's best chance was to exploit the weakened pawn","When having the option, it is generally better to capture TOWARD the center of the board. Hence bxc6 is preferred. In addition, this would give black an excellent post for his queen bishop on a6. Notice that black's queen bishop doesn't even move this game! If white does proper defence, this lack of post for thie bishop could've meant a loss for black.",1.5994710651374258,0.24528301886792453,0.038461538461538464,0.1509433962264151,0.10551948051948051,0.12975382804870605
"Based on the following information:
moves: 1. b4 e5 2. Nc3 Bxb4 3. Bb2 Nf6 4. e4 Nc6 5. Nf3 O-O 6. g3 Nd4 7. Bg2 d6 8. O-O Bg4 9. h3 Nxf3+ 10. Bxf3 Bxf3 11. Qxf3 b5 12. Nxb5 Bxd2 13. Rad1 Rb8 14. Rxd2 Rxb5 15. Ba3 Ra5 16. Rd3 Qb8 17. Rb3 Qc8 18. Qc3 Ra6 19. Qc4 Nd7 20. Rfb1 Rb6 21. f4 Rxb3 22. axb3 Nb6 23. Qf1 exf4 24. Qxf4 Qxh3 25. Rd1 Nc8 26. e5 Rd8 27. exd6 cxd6 28. Bxd6
engine_eval: Large advantage for Black (eval: -459 centipawns)
engine_best_line: 28... Qe6 29. c4 Rxd6 30. Rf1 Rd8 31. b4 Re8 32. c5 a6 33. c6 Ne7 34. c7 Nd5 35. Qc4 Nxc7 36. Qxc7 g6 37. Kh2 Rc8 38. Qa7 h5 39. Qf2 
engine_best_alternative: 28. Re1 Qd7 29. c4 Re8 30. Rxe8+ Qxe8 31. Qf3 h6 32. Bb4 Qe6 33. Bc3 Nb6 34. Bd4 Qg6 35. Kg2 Kh7 36. Qf4 Nd7 37. Bxa7 Qc2+ 38. Kh3 
Here is an explanation on why the last move played was a mistake:",28. Re1 Qd7 29. c4 Re8 30. Rxe8+ Qe6 31. Qf3 h6 32. Bb4 Qe6 33. Bc3 Nb6 34. Bd4 Qg6 35. Kg2 Kh,"? This loses. White's bishop is much stronger than the knight at c8, plus when behind in material trade pawns, not pieces. Since black's d-pawn is pinned, c4 looks likes White's best chance. Now black can win a piece with ...Qe6. Remember attack pinned pieces! You might win them.",0.8549210335843598,0.08333333333333333,0.0,0.08333333333333333,0.01075268817204301,-0.026282666251063347
"Based on the following information:
moves: 1. e4 c6 2. d4 d5 3. e5 Bf5 4. Nc3 e6 5. g4 Bg6 6. Nge2 c5 7. h4 h5 8. Nf4 Bh7 9. Nxh5 cxd4 10. Nb5 Qa5+ 11. Qd2 Bb4 12. Nxg7+ Kf8 13. c3 dxc3 14. bxc3 Bc5 15. Nh5 Be4 16. Rh3 Nc6 17. Qg5 Bg6
engine_eval: Large advantage for White (eval: 198 centipawns)
engine_best_line: 18. Nf6 Nxf6 19. Qxf6 Rh7 20. h5 Be4 21. Be2 Kg8 22. Kf1 Be7 23. Qf4 Rf8 24. g5 Bf5 25. Rg3 Rxh5 26. Bxh5 Qxb5+ 27. Kg1 Qc4 28. g6 fxg6 29. Qxc4 dxc4 30. Bxg6 Bxg6 31. Rxg6+ Kf7 
engine_best_alternative: 17... Bg6 18. Nf6 Nxf6 19. Qxf6 Rh7 20. h5 Be4 21. Bd2 Be7 22. Qf4 Kg8 23. Nd6 Rf8 24. Nxe4 dxe4 25. Qxe4 Nxe5 26. Rb1 f5 27. gxf5 exf5 28. Qf4 Qc7 29. Rb5 Bc5 30. Be3 Bxe3 31. Rxe3 Ng4 32. Bc4+ Kh8 
Here is an explanation on why the last move played was a mistake:",17. ...Bg6 18. Nf6 Nxf6 19. Qxf6 Rh7 20. h5 Be4 21. Bd2 Be7 22. Qf4 Kg8 23. Nd6 Rf8 24. Nxe4 dxe4,?! Dubious. Black's best defense is ...Rh7,4.603799154398035,0.043478260869565216,0.0,0.043478260869565216,0.0,-0.4150521755218506
"Based on the following information:
moves: 1. e4 e5 2. Qh5 Nc6 3. Bb5 Nf6 4. Qf3 Nd4 5. Qd3 a6 6. Ba4 Bc5 7. c3 Nc6 8. Bb3 O-O 9. Nf3 h6 10. O-O b5 11. a4 Bb7 12. axb5 axb5 13. Rxa8 Bxa8 14. Qxb5 d6 15. Qe2 Na5 16. Bc2 c6 17. b4 Ba7 18. bxa5 Qxa5 19. Na3 Re8 20. Nc4 Qd8 21. Ba3 d5 22. Ncxe5 dxe4 23. Bxe4 Qa5 24. Bd6 Re6 25. Qd3 Nxe4 26. Bb4 Qd5 27. Qa6 Rxe5 28. Qxa7 Re8 29. Re1 c5 30. Bxc5 Bc6 31. h3 Nxd2 32. Rxe8+ Bxe8 33. Nxd2 Qxd2 34. Qb8 Qe1+ 35. Kh2 Kh7 36. c4 Bc6 37. g4
engine_eval: Mate in 4 for Black
engine_best_line: 37... Qh1+ 38. Kg3 Qf3+ 39. Kh4 g5+ 40. Kh5 Qxh3# 
engine_best_alternative: 37. f3 Qe6 38. Bf8 f6 39. Qg3 Qf7 40. Qd6 Qe8 41. Qe7 Qxe7 42. Bxe7 Bb7 43. Bf8 Kg8 44. Bb4 Kf7 45. Bd6 g6 
Here is an explanation on why the last move played was a mistake:",This was a mistake because the bishop was not defended. White can win an easy game by having his bishop be on b4. White also has a piece on d4. White also has the chance to win a piece on e6. White also can win a pawn. White has no threats against black. White,"This gives black the game. 37. f3 would hold the position. Remember, the general rule of thumb is put your pawns opposite your own bishop, and on the same squares as your opponent's. The text move opens White's king to merciless infiltration.",1.1477949688526696,0.18518518518518517,0.0,0.12962962962962962,0.06944444444444445,0.19965270161628723
"Based on the following information:
moves: 1. b4 e5 2. Nc3 Bxb4 3. Bb2 Nf6 4. e4 Nc6 5. Nf3 O-O 6. g3 Nd4 7. Bg2 d6 8. O-O Bg4 9. h3 Nxf3+ 10. Bxf3 Bxf3 11. Qxf3 b5 12. Nxb5 Bxd2 13. Rad1 Rb8 14. Rxd2 Rxb5 15. Ba3 Ra5 16. Rd3 Qb8 17. Rb3 Qc8 18. Qc3 Ra6 19. Qc4 Nd7 20. Rfb1 Rb6 21. f4 Rxb3 22. axb3 Nb6 23. Qf1 exf4 24. Qxf4 Qxh3 25. Rd1 Nc8 26. e5 Rd8 27. exd6 cxd6 28. Bxd6 Nxd6 29. c4 Nb7 30. Rxd8+ Nxd8 31. Qb8 Qd7 32. b4 Kf8 33. c5 Ke8 34. b5 a5 35. b6 Qb7 36. Qe5+
engine_eval: Large advantage for Black (eval: -394 centipawns)
engine_best_line: 36... Ne6 37. Qb2 Nxc5 38. Qe5+ Ne6 39. Qxa5 Kf8 40. g4 Kg8 41. Kf2 g5 42. Ke2 h6 43. Ke3 Qc6 44. Qb4 Nc5 45. Kd4 Nb7 46. Ke3 Qe6+ 47. Kd2 h5 48. gxh5 Kh7 49. Qd4 g4 50. h6 f6 51. Qd3+ f5 52. Qd4 Qd6 
engine_best_alternative: 36. Qa7 Qc6 37. Qxa5 Ne6 38. Qa7 Nxc5 39. Qb8+ Kd7 40. Qf4 f6 41. Qf5+ Ke7 42. Qxh7 Qxb6 43. Qxg7+ Ke6 44. Qg4+ Kf7 45. Qh5+ Kg7 46. Qg4+ Kf8 47. Qc8+ Ke7 48. Kf2 Nd3+ 49. Kg2 Ne5 50. g4 Qc6+ 51. Qxc6 Nxc6 52. Kg3 Ne5 53. Kf4 
Here is an explanation on why the last move played was a mistake:",White's light-squared bishop was unblocked by black's pawns. White's bishop was in a very good position. White had a chance to win material with 36. Qc8+ 37. Qe7+ Ke8 38. Qh7# 39.,"? White could have had a beautiful win with 36. Qxb7 Nxb7 37. c6 Nc5 38. b7 Na6 39. c7!!, and black can't stop white from queening. Chessplayers have this expression: ""Two passed pawns on the 6th rank (row) are worth a rook"".",4.581300272204687,0.3611111111111111,0.05714285714285714,0.25,0.15167064439140812,0.2574257552623749
"Based on the following information:
moves: 1. e4 e5 2. d3
engine_eval: Slight advantage for Black (eval: -20 centipawns)
engine_best_line: 2... Nf6 3. Nf3 Nc6 4. Be2 d5 5. exd5 Nxd5 6. O-O Bd6 7. Nc3 Nxc3 8. bxc3 O-O 9. Rb1 Rb8 10. d4 Qf6 11. Re1 Bf5 12. Bb5 exd4 13. cxd4 Nb4 14. Rb2 a6 15. Bf1 b5 16. c3 Nc6 17. h3 
engine_best_alternative: 2. Nf3 
Here is an explanation on why the last move played was a mistake:",Black's pawns are doubled on the c-file. White's bishop has control of the c-file. White's knight on c3 is a threat to black's pawn on b7. White's queen can control the center. White's bishop on b7 is a threat,"This isn't losing, but much more aggressive is 2. Bc4 or 2. Nf3. As it is, your light-squared bishop is now hemmed in. Notice the bishop had 5 legal moves prior to moving your pawn to d3; now it has only one.",1.347909759451196,0.1702127659574468,0.0,0.0851063829787234,0.09592326139088728,0.1159730926156044
"Based on the following information:
moves: 1. h4 Nf6 2. Rh3 h5 3. e3 d5 4. Bb5+ c6 5. Ba4 b5 6. Bb3 Qd6 7. Nc3 a5 8. Nf3 a4 9. Rg3 axb3 10. cxb3 Bf5 11. Rg5 Rh6 12. Rxf5 Rg6 13. Ne5 Qe6
engine_eval: The position is equal
engine_best_line: 14. Nxg6 Qxf5 15. Nxf8 Na6 16. Qf3 Qc2 17. d4 Kxf8 18. Qe2 Nb4 19. Kf1 Ne4 20. Nxe4 dxe4 21. Qxh5 Qd3+ 22. Qe2 Nc2 23. Qxd3 exd3 24. Rb1 Rxa2 25. Bd2 f5 26. b4 Na3 27. bxa3 Rxd2 28. Ke1 Re2+ 29. Kf1 
engine_best_alternative: 13... Rxg2 14. Kf1 Rh2 15. Kg1 Rxh4 16. d4 b4 17. Ne2 Nbd7 18. Ng3 Qe6 19. Bd2 Nxe5 20. Rxe5 Qd7 21. Qc2 Rg4 22. Kf1 h4 23. Nh5 Ne4 24. f3 Rg6 25. fxe4 Qh3+ 26. Ke2 
Here is an explanation on why the last move played was a mistake:",Black didn't get much material. White got a good advantage in space. White also got the opportunity to attack Black's king. White also got the opportunity to get a free rook.White's queen was already on the e-file. White was now able to,"There's a princ iple in chess that says, ""Avoid moving queens early"". This is no exception. In addition, White's knight was threatening to capture black's rook. Why not win a pawn and get your rook out of jeapardy with ...Rxg2?",2.2816161172253335,0.2553191489361702,0.043478260869565216,0.1702127659574468,0.09950248756218907,0.11687648296356201
"Based on the following information:
moves: 1. e4 e5 2. d3 Bc5 3. Be3 Qg5 4. Bxg5 h6 5. Be3 Bb4+ 6. Bd2 Bc5 7. Be3 Bxe3 8. fxe3 Nf6 9. Nf3 Nc6 10. Nc3 d6 11. Nb5 Kd8 12. Qd2 Be6 13. c4 a6 14. Na3 g5 15. d4 g4 16. d5 gxf3 17. dxe6 Nxe4 18. Qc2 f2+ 19. Ke2 f5 20. b3 Ke7 21. g3 Kxe6 22. Bh3 Rac8 23. Kf3 Ng5+ 24. Kxf2 Nxh3+ 25. Kg2 Ng5 26. Rhf1 Rce8 27. Rxf5 Nb4 28. Qb1 Reg8 29. Nc2 Kxf5 30. Nd4+ Kf6 31. Qf5+ Ke7 32. Qe6+ Kf8 33. Qc8+ Kg7 34. Qxc7+ Nf7 35. Ne6+
engine_eval: Large advantage for White (eval: 906 centipawns)
engine_best_line: 35... Kg6 36. Rf1 Rh7 37. Qe7 Rhg7 38. Nxg7 Rxg7 39. Rf6+ Kh7 40. Rxf7 Rxf7 41. Qxf7+ Kh8 42. Qe8+ Kg7 43. Qd7+ Kf6 44. Qxd6+ Kf5 45. Qxb4 Ke4 46. Kf2 b5 
engine_best_alternative: 35. Rf1 Rf8 36. Ne6+ Kg6 37. Qe7 Nd5 38. cxd5 Ng5 39. Nxf8+ Rxf8 40. Qxf8 Nf3 41. Rxf3 e4 42. Qf7+ Kg5 43. Qf5# 
Here is an explanation on why the last move played was a mistake:","White's e4-e5 pawn chain is a solid defense, but Black has the opportunity to control the center with the ...Be6-Be3-Be7. White's bishop is blocked by black's bishop. 35. Rf1 Rf8 36. Ne6+","Instead, 25. Rf1! wins outright! That move would threaten Qxf7#, so therefore black would have to play ...Rf8, but THEN 36. Ne6+ Kg6 37. Qe7 is lights out for black. There is this phrase among tournament chess players, ""Monkey see check, monkey do check"". Don't be a monkey! Only check if there's a concrete reason to do so.",4.90685099376595,0.3157894736842105,0.02702702702702703,0.13157894736842105,0.10540624860721133,0.22379203140735626
"Based on the following information:
moves: 1. e3 Nf6 2. d4 e6 3. Nf3 Ne4 4. Qe2 f5 5. Ne5
engine_eval: The position is equal
engine_best_line: 5... g6 6. g3 
engine_best_alternative: 5. g3 Be7 6. Bg2 O-O 7. O-O b5 8. Nfd2 d5 9. Nxe4 fxe4 10. f3 exf3 11. Rxf3 Rxf3 12. Qxf3 Nd7 13. Nc3 Rb8 14. e4 b4 15. Ne2 dxe4 16. Qxe4 Nf6 17. Qd3 Bd6 18. Bf4 
Here is an explanation on why the last move played was a mistake:","The main goal of white is to open up lines for his pieces. This can be done by developing pieces into open squares. White has played 5. g3, which doesn't open the board. White can also move his knight to f3, but this is a weak square. White could also develop","? Again, do NOT move pieces more than once early. Black only has one good piece. White should develop a piece and try to get rid of black's good knight. 5 Nbd2 would be a good way to do this.",2.168114620588541,0.2692307692307692,0.0,0.11538461538461539,0.145985401459854,0.2217542827129364
"Based on the following information:
moves: 1. e4 e6 2. d4 Nf6 3. Nd2 Nc6 4. Nb3 Nxe4 5. Bd3 d5 6. Nf3 Bd7 7. O-O Bb4 8. Be3 O-O 9. Ne5 Nxe5 10. dxe5 c6 11. a3 Be7 12. Na5 Nxf2 13. Bxf2 Qxa5 14. Qe2 Bc5 15. Qh5 Bxf2+ 16. Rxf2 g6 17. Qh4 Qc7 18. Re1 a6 19. b4 b5 20. Bxg6 Rfb8 21. Bxh7+ Kf8 22. Qh6+ Ke8 23. Qg7 Kd8 24. Rxf7 Qa7+ 25. Kf1 Qb7 26. Qf6+ Kc8 27. Qe7 Qc7 28. Rf8+ Kb7 29. Rxb8+ Rxb8 30. a4 Re8 31. Qf7 bxa4 32. Ra1 Rd8 33. g4 Qxe5 34. Rxa4 Qxh2 35. Qh5 Rf8+ 36. Ke1 Qf2+ 37. Kd1 Qf1+ 38. Kd2 Rf2+ 39. Kc3 Qc4+ 40. Kb2 c5 41. Qf7 Rh2 42. Qxd7+ Kb8 43. Qd6+ Kb7 44. Qd7+ Kb8 45. Qd6+ Kb7 46. Qxc5 Qxc5 47. bxc5 Rxh7 48. Rb4+ Kc7 49. Rb6 e5 50. Rxa6 Re7 51. Kc1 e4 52. Kd2 e3+ 53. Ke1 d4 54. g5
engine_eval: The position is equal
engine_best_line: 54... Re4 55. g6 Rg4 56. Ke2 Rg1 57. Re6 Rg4 58. Kd3 Kd7 59. Ra6 Kc7 
engine_best_alternative: 54. Ra7+ Kd8 55. Rxe7 Kxe7 56. g5 Kd8 57. c6 Kc8 58. c7 Kxc7 59. g6 Kc8 60. g7 d3 61. cxd3 Kd7 62. Ke2 Kd8 63. Kxe3 Ke8 64. g8=Q+ Kd7 65. Ke4 Kc7 66. d4 Kb6 67. Qg7 Ka5 68. Ke5 Ka6 69. Qc7 Kb5 70. d5 Ka6 71. d6 Kb5 72. d7 Ka4 73. Qa7+ Kb5 74. d8=Q 
Here is an explanation on why the last move played was a mistake:","White's rook on d4 was vulnerable. White was not trying to win the game, but to achieve a good position. White had to be aware that Black had a strong bishop on c7, but white could control the center. White also had to be aware of black's king in the center. White","A mistake. Black can now draw. If white plays 54. Ra7+ Kd8 55. Rxe7 Kxe7 56. g5! would win the game. White has a passed c & g pawn -- it's impossible for black's king to stop both, and black's pawns are contained easily by the white king.",4.210407233656328,0.2777777777777778,0.07547169811320754,0.2037037037037037,0.13429752066115702,0.20908671617507935
"Based on the following information:
moves: 1. e4 e5 2. Nf3 Nc6 3. Bc4 Be7 4. d4 d6 5. Nc3 Nf6 6. O-O O-O 7. h3 a6 8. a4 h6 9. a5 Re8 10. d5 Nb8 11. Ne1 Nh7 12. f4 exf4 13. Bxf4 Bf6 14. Qf3 Nd7 15. Nd3 Qe7 16. Rae1 Ne5 17. Bxe5 Bxe5 18. Bb3 Ng5 19. Qh5 f6 20. Ba4 Rf8 21. Nd1 Qf7 22. Qe2 Bd4+ 23. Kh1 Qg6
engine_eval: Large advantage for White (eval: 124 centipawns)
engine_best_line: 24. Nf4 Qh7 25. Nf2 b5 26. axb6 cxb6 27. c3 Be5 28. N2d3 a5 29. Bb5 h5 30. Qxh5 Qxh5 31. Nxh5 Ba6 32. Bxa6 Rxa6 33. Nxe5 dxe5 34. Ng3 b5 35. Nf5 Rb8 36. Ne7+ Kf8 37. Nc6 
engine_best_alternative: 23... Bd7 24. Bxd7 Qxd7 25. Nf4 f5 26. exf5 Rxf5 27. Qd3 Be5 28. Ng6 Rxf1+ 29. Rxf1 Re8 30. Ne3 Bf6 31. Nf5 Qb5 32. Nf4 Ne4 33. Ne6 Qxd3 34. cxd3 Nc5 35. Nxc7 Re2 36. d4 Ne4 37. Ne6 Kh7 38. Rc1 Rxb2 39. g4 Kg6 40. Rc7 Nf2+ 41. Kg2 
Here is an explanation on why the last move played was a mistake:",White has a strong position. White's bishop on c7 is a good blocker for black's bishop on e7. White's light-squared bishop is also a strong blocker for black's knight on f7. White's rook on c8 is a strong blocker for black's,"Not very good, but postion has deteriated to the point it's hard to suggest a good move. Black needed to complete development with 23. ... Bd7 24. Bxd7 Qxd7, and reroute his Knight to e5 and hope that that counterbalances his holes on e6 and f5. Notice that none of this would be a problem if he would've played ...g6 earlier.",1.2176483520046006,0.16666666666666666,0.02127659574468085,0.16666666666666666,0.09017478813559322,0.0775836780667305
"Based on the following information:
moves: 1. e4 e6 2. d4 Nf6 3. Nd2 Nc6 4. Nb3 Nxe4 5. Bd3 d5 6. Nf3 Bd7 7. O-O Bb4 8. Be3 O-O 9. Ne5 Nxe5 10. dxe5 c6 11. a3 Be7 12. Na5
engine_eval: Large advantage for Black (eval: -273 centipawns)
engine_best_line: 12... Qxa5 13. Bxe4 Qc7 14. Bd3 Qxe5 15. Bd4 Qc7 16. f4 g6 17. c4 Qd8 18. c5 Bf6 19. Be5 b6 20. b4 Bxe5 21. fxe5 bxc5 22. bxc5 Qe7 23. Qd2 Qxc5+ 24. Kh1 Qd4 25. Qg5 Rae8 26. Qf6 Qxd3 27. Rf4 Qe3 
engine_best_alternative: 12. f3 c5 13. fxe4 c4 14. exd5 exd5 15. Bxh7+ Kxh7 16. Nd4 Kg8 17. Qh5 Qe8 18. c3 f6 19. Qf3 Qf7 20. Qg3 Rae8 21. Rae1 Bd8 22. Nf3 b6 23. Nh4 Kh7 24. Bd4 Qh5 25. exf6 Bxf6 26. Bxf6 Rxf6 27. Rxf6 gxf6 28. Nf3 Qg6 29. Qh4+ Kg8 
Here is an explanation on why the last move played was a mistake:","Since White has lost his bishop, white can only hope for a counterattack with his rook. White has to defend his light-squared bishop. White needs to win material to regain his position. White could win a pawn by moving white's bishop to d5. White's knight would win a pawn to","Obviously incorrect. (the Q on d8 can capture this knight for nothing). How about playing 12. f3, winning a knight? (12. ...Nxc5 13. Bxc5 Bxc5, or 12. ... Ng5 13. h4! and black's knight has no where to move!",1.1193327452924826,0.16981132075471697,0.038461538461538464,0.1320754716981132,0.11959896177922541,0.09207002818584442
"Based on the following information:
moves: 1. e3 Nf6 2. d4 e6 3. Nf3 Ne4 4. Qe2 f5 5. Ne5 a6
engine_eval: Large advantage for White (eval: 183 centipawns)
engine_best_line: 6. Qh5+ g6 7. Nxg6 Nf6 8. Qh4 Bb4+ 9. Bd2 Rg8 10. Bxb4 hxg6 11. f3 g5 12. Qf2 Nc6 13. Bd2 b5 14. h4 gxh4 15. Qxh4 Qe7 16. Nc3 Bb7 17. a4 b4 18. Ne2 O-O-O 19. O-O-O 
engine_best_alternative: 5... g6 6. g3 
Here is an explanation on why the last move played was a mistake:",Generate a comment explaining the error of this moveComment: ...g6 is a decent development for white. Black's main problem is the development of his pieces. White's pieces are developed with relative speed. Black's development is slow. White's position is relatively equal. Black's position,"This does not get any pieces out, plus ignores white's threat. ...Qf6 is mandatory to meet White's threat.",3.3310994267886507,0.14583333333333334,0.0425531914893617,0.14583333333333334,0.14634146341463414,0.15323732793331146
"Based on the following information:
moves: 1. e4 e5 2. Nf3 Nc6 3. Nc3 d6 4. Bc4 Nf6
engine_eval: Large advantage for White (eval: 137 centipawns)
engine_best_line: 5. Ng5 d5 6. exd5 Na5 7. Bb5+ c6 8. dxc6 bxc6 9. Ba4 h6 10. Nf3 Bd6 11. O-O O-O 12. d3 Bg4 13. Qe2 Rb8 14. a3 Nb7 15. Bxc6 Qc8 16. Bb5 Bh5 17. Ne4 Nxe4 18. dxe4 Nc5 19. Bc4 
engine_best_alternative: 4... Be7 
Here is an explanation on why the last move played was a mistake:","White's position was strong, but black's bishop on c6 was a threat to white's e4. White's queen could not defend against it. White's bishop could also be defended by black's bishop on c6. White's queen was also defended by black's",Be7! stops Ng5.,0.8321783954793125,0.0,0.0,0.0,0.0,-0.10155631601810455
"Based on the following information:
moves: 1. e4 c5 2. Nf3 Nc6 3. Bc4 d6 4. O-O Be6 5. d3 Bxc4 6. dxc4 Nf6 7. Re1 g6 8. Bf4 Bg7 9. Nc3 O-O 10. Rb1 Ng4 11. Nd5 Qa5 12. h3 Nf6 13. e5 Nh5 14. Bg5 Qxa2 15. Nxe7+ Nxe7 16. Bxe7 Rfc8 17. b3 dxe5
engine_eval: Large advantage for White (eval: 214 centipawns)
engine_best_line: 18. Nxe5 
engine_best_alternative: 17... dxe5 18. Nxe5 Bxe5 19. Rxe5 Re8 20. Qc1 Qa6 21. Qd2 b6 22. Rbe1 Qb7 23. g4 Ng7 24. Qd5 Qxd5 25. cxd5 a5 26. c4 f5 27. f4 Kf7 28. Bh4 Ra7 29. gxf5 
Here is an explanation on why the last move played was a mistake:","The move 18. Nxe5 was a mistake because it was not a natural development for white. White's main goal was to secure a strong pawn structure and control of the center. White's pieces were already set up for a strong attack, and 18. Nxe5 would not give white","I find in my lost games that I generally had a ""big miss."" Well, this one is yours. After 17. exd6 the game is over, you can hear the ""fat lady warming up."" The pawn on d6 moves to d7 and completely chokes Black's middle. The Black Rooks become totally useless and you own all the important squares. All this is helped by the useless placement of the Black Queen. Even 17. Ng5 does close to mortal damage to Black threatening both 18. exd6 and 18. Qd5.",1.7647233628521928,0.26,0.04081632653061224,0.16,0.10262067121272897,0.09919295459985733
"Based on the following information:
moves: 1. e4 e5 2. Nf3 Nc6 3. Nc3 d6 4. Bc4 Nf6 5. Ng5 Be6 6. Bxe6 fxe6 7. Nxe6 Qe7 8. Nb5 Rc8 9. Nbxc7+ Rxc7 10. Nxc7+ Qxc7 11. d3 Nd4 12. c3 Qa5 13. b4 Qc7 14. O-O
engine_eval: Advantage for White (eval: 65 centipawns)
engine_best_line: 14... Qxc3 
engine_best_alternative: 14. cxd4 Qc3+ 15. Bd2 Qxd3 16. Be3 Qc3+ 17. Ke2 Qb2+ 18. Qd2 Qxd2+ 19. Kxd2 Nxe4+ 20. Kd3 exd4 21. Bxd4 d5 22. Bxa7 Bxb4 23. Rhb1 Bc5 24. Bxc5 Nxc5+ 25. Kd4 Ne6+ 26. Kxd5 Nf4+ 27. Ke4 O-O 28. Rxb7 Ne6 29. Ke5 Rxf2 30. Kxe6 
Here is an explanation on why the last move played was a mistake:","White was on the attack, but black had a strong defensive structure. White's piece placement was weak. Black's knight was a very strong piece. White's bishop was well-placed, but not defensively. Black's rook was well-placed, but not defensively. Black's pawn was",?? cd4 wins!! Black just gets a few scary checks.,0.8853994618255676,0.041666666666666664,0.0,0.041666666666666664,0.15267175572519087,-0.0038409894332289696
"Based on the following information:
moves: 1. e4 c6 2. d4 d5 3. e5 Bf5 4. Nc3 e6 5. g4 Bg6 6. Nge2 c5 7. h4 h5 8. Nf4 Bh7 9. Nxh5 cxd4 10. Nb5 Qa5+ 11. Qd2 Bb4 12. Nxg7+ Kf8 13. c3 dxc3 14. bxc3 Bc5 15. Nh5 Be4 16. Rh3 Nc6 17. Qg5 Bg6 18. Rf3 Bxh5
engine_eval: Large advantage for White (eval: 246 centipawns)
engine_best_line: 19. gxh5 Qd8 20. Qf4 Qe7 21. Qg3 a6 22. Nd6 Rh7 23. Bf4 Qd7 24. h6 Bxd6 25. exd6 e5 26. Bc1 Qxd6 27. Rb1 b5 28. Bd3 Rxh6 29. Bxh6+ Qxh6 30. Bg6 Ra7 31. h5 Nd8 32. Kf1 Re7 33. Re1 e4 34. Rf5 
engine_best_alternative: 18... Ke8 
Here is an explanation on why the last move played was a mistake:",18. ... Ke8 is a very strong move that would have put the pressure on black's c-pawn. White's position was more solid. White could continue on 18. Nf5 Rh8 19. Ne4 h6 20. Nxf7+ Qxf7,This walks to White's hands. ...Ke8 would offer stiffer resistance. For example 19. Nf4?? Be7 would win white's queen (or a piece).,10.25267180172767,0.21621621621621623,0.027777777777777776,0.10810810810810811,0.08583690987124465,0.2778032124042511
"Based on the following information:
moves: 1. e4 c5 2. d3 Nc6 3. Bd2 b5 4. c3 b4 5. c4 Nd4
engine_eval: The position is equal
engine_best_line: 6. Be3 Rb8 7. Ne2 e5 8. Nxd4 cxd4 9. Bc1 Nf6 10. Be2 Be7 11. a3 b3 12. Nd2 Qb6 13. f4 d6 14. O-O exf4 15. Rxf4 Nd7 16. Nf3 Bf6 17. Qe1 Nc5 
engine_best_alternative: 5... g6 6. a3 Bg7 7. axb4 cxb4 8. Nf3 a5 9. d4 Nxd4 10. Bxb4 Nxf3+ 11. Qxf3 Bxb2 12. Ra2 Be5 13. Bc3 Qc7 14. Bxe5 Qxe5 15. Nc3 Nf6 16. Qg3 Qxg3 17. hxg3 d6 18. Kd2 Nd7 19. Be2 Nc5 20. Ke3 Kf8 21. Rha1 
Here is an explanation on why the last move played was a mistake:",Black is behind in development. Black's development was slow. White's development was also slow. White's development was a bit faster. White's development was slow. White's development was slow. White's development was slow. White's development was slow. White's development was,"g6! is far better, Increase your control over d4 and develop another piece at the same time, there was no reason to occupy the hole on d4 (no pawns can oppose d4).",1.022951633574269,0.06382978723404255,0.0,0.06382978723404255,0.06116207951070336,-0.10211183875799179
"Based on the following information:
moves: 1. e3 c5 2. Bc4 e6 3. Nf3 Nc6 4. Bb5 d5 5. Ne5 Ne7 6. Bxc6+ Nxc6 7. Nxc6 bxc6 8. Nc3 Be7 9. Qg4 Bf6 10. Qa4 Bb7 11. Qb3 O-O 12. Qxb7 Qe8 13. Na4 Be7 14. d4 cxd4 15. exd4 f6 16. O-O Qf7 17. Qb3 Qg6 18. Qd3 Rfc8 19. Qxg6 hxg6 20. Re1 e5 21. dxe5 f5 22. e6 Re8 23. h3 Rac8 24. Bd2 c5 25. Re5 Rcd8 26. Ba5 Bf6 27. Re2 Rc8 28. Bc3 d4 29. Bd2 g5 30. c3 g4 31. hxg4 d3 32. Re3 Rcd8 33. gxf5 Bg5 34. e7 Bxe7 35. Rxe7 Rxe7 36. Bg5 Kf7 37. Bxe7 Kxe7 38. Re1+ Kf6 39. Nxc5 Kxf5 40. Rd1 Rd5 41. Nxd3 Ke4 42. b3
engine_eval: Large advantage for White (eval: 655 centipawns)
engine_best_line: 42... Kf5 43. f3 Ra5 44. Nb4 Ra3 45. Rd5+ Kf6 46. Rd2 Ke5 47. g3 g5 48. Rd1 a5 
engine_best_alternative: 42. c4 Ra5 43. Nc1 Kf5 44. f3 Ra4 45. b3 Ra5 46. Kf2 Ke6 47. Ke2 Kf6 48. Ke1 Kf5 49. a4 Ra6 50. Rd5+ Ke6 51. g4 Kf6 52. c5 Ke6 53. Rd4 Ke5 54. Re4+ Kd5 
Here is an explanation on why the last move played was a mistake:",White has a significant advantage in development. White's kingside is very strong. White's pieces are better developed. White's bishops are active. White's light-squared bishop is a threat. White's pawns are solid. White's kingside is a strong position. White',"This wins, but 42. f3+ Ke3 43. Nf2 preserves white's piece, and forces black to resign.",1.0700143107304574,0.06666666666666667,0.045454545454545456,0.06666666666666667,0.027472527472527472,0.056331098079681396
"Based on the following information:
moves: 1. c4 e5 2. Nc3 d6 3. g3 f5 4. Bg2 Nf6 5. e3 g6 6. Nge2 Bg7 7. O-O O-O 8. d3 c6 9. b4 Be6 10. b5 d5 11. bxc6 bxc6 12. Qa4 g5 13. Ba3 Rf7 14. Rac1 Rd7 15. Bb4 a5 16. Ba3 Bf7 17. cxd5 cxd5 18. Nb5 Na6 19. Rc6 Nb4 20. Bxb4 axb4 21. Qxb4 Rxa2 22. Nec3 Ra8 23. Nd6 Bf8 24. Nxf7 Rxf7 25. Qb3 Ra3 26. Qc2 e4 27. dxe4 dxe4 28. Rd1 Qe8 29. Nb5 Ra2 30. Qc4 Ra4 31. Qc2 Ra2 32. Qxa2 Qxc6 33. Nd4 Qd5 34. Qc2 Ng4 35. h3 Ne5
engine_eval: Large advantage for White (eval: 409 centipawns)
engine_best_line: 36. Nxf5 Nd3 37. g4 h5 38. Qa4 Qe5 39. Qxe4 hxg4 40. hxg4 Qxe4 41. Bxe4 Nb4 42. Rd8 Ra7 43. Nd4 Kf7 44. Rb8 Bc5 45. Nf3 Kf6 46. Rb5 Rc7 47. Kg2 
engine_best_alternative: 35... Nxf2 36. Qxf2 Rf6 37. Qc2 Qe5 38. Ne2 Kh8 39. Qb3 Rd6 40. Rd4 Rxd4 41. exd4 Qf6 42. Qe3 h5 43. g4 hxg4 44. hxg4 Bd6 45. Qh3+ Kg7 46. gxf5 
Here is an explanation on why the last move played was a mistake:",35. ... Nxf5 is a solid development for white. 35. ... White can defend against white's threat of a mate in 36. Qxf2. White's bishop is blocked by black's rook. White's queen is blocked by black's,"this loses at once, better was to admit the mistake and play the knight back to f6.",0.7947529289544674,0.0,0.0,0.0,0.0,0.06864409148693085
"Based on the following information:
moves: 1. Nf3 Nf6 2. Nc3 Nc6 3. d4 d5 4. e4 dxe4 5. d5 exf3 6. dxc6 fxg2
engine_eval: Slight advantage for Black (eval: -34 centipawns)
engine_best_line: 7. Qxd8+ Kxd8 
engine_best_alternative: 6... Qxd1+ 7. Nxd1 bxc6 8. gxf3 g6 9. Nc3 Nd5 10. Bd2 Bg7 11. O-O-O Rb8 12. Bc4 O-O 13. Rhe1 Re8 14. h4 h5 15. Bb3 Nxc3 16. Bxc3 Bxc3 17. bxc3 Rb5 18. Re3 a6 19. f4 
Here is an explanation on why the last move played was a mistake:","White's strategy is to win material, not just defend. White's best play was to avoid losing material. White's best play was 10. Bd2 White's best play was 11. O-O White's best play was","Black misses his chance to get a very strong position with 6. ... Qxd1+ 7. Kxd1 Bg4!. This threatens 8. ... fxg2 discovered check, followed by 9. ... gxh1(Q). Notice that if white tried 7. cxb7, then 7. ... fxg2+ 8. Ke1 gxh1(Q) 9. bxa8(Q) Qxa8 would leave black up a lot of material. The move black chooses just develops white's bishop.",0.5957177061248915,0.15384615384615385,0.02631578947368421,0.1282051282051282,0.05076142131979696,-0.015410222113132477
"Based on the following information:
moves: 1. Nf3 Nf6 2. Nc3 Nc6 3. d4 d5 4. e4 dxe4 5. d5 exf3 6. dxc6 fxg2 7. Bxg2 Qxd1+ 8. Kxd1 Bf5 9. cxb7 Rd8+ 10. Bd2 e5 11. Re1 Bd6 12. Bc6+ Bd7 13. Bf3 O-O 14. Ne4 Bg4 15. Nxf6+ gxf6 16. Bxg4 Bb4 17. Re2 Bxd2 18. Rxd2 Rxd2+ 19. Kxd2 Rd8+ 20. Ke1 Rb8 21. Bf3 f5 22. Rd1 e4 23. Bg2 Rxb7 24. f3 exf3 25. Bxf3 Rxb2 26. Rd8+ Kg7 27. Kd1 Rxa2 28. Bd5 Ra3 29. Rd7 c5 30. Rxf7+ Kg6 31. Rc7 Ra5 32. Bg8 h6 33. Bh7+ Kg5 34. Rf7 f4 35. Ke1 c4 36. Kf2 a6 37. Kg2
engine_eval: Large advantage for White (eval: 398 centipawns)
engine_best_line: 37... h5 38. Rc7 Rd5 39. Kf3 Rd2 40. h3 Rh2 41. Rc5+ Kf6 42. Kxf4 Rxh3 43. Rc6+ Ke7 44. Rxa6 h4 45. Be4 Rg3 46. Bf3 Rg8 47. Rh6 Rd8 48. Ke3 Kd7 49. Rxh4 Kc7 50. Rxc4+ Kb8 51. Rc6 
engine_best_alternative: 37. Rc7 Rd5 38. Kf3 h5 39. Rxc4 Rd2 40. h4+ Kxh4 41. Rc5 Rd6 42. Be4 Rd1 43. Bd3 a5 44. Kxf4 a4 45. Ra5 a3 46. Rxa3 Rf1+ 47. Ke3 Rf8 
Here is an explanation on why the last move played was a mistake:",37. Rc7 Rd5 38. Kf3 h5 39. Rxc4 Rd2 40. h4+ Kxh4 41. Rc5 Rd6 42. Be4 Rd1 43. Bd3 a5 44. Kxf4 a,"Actually, 37. Rg7+ Kh5 38. Kf3 would win material for white, plus bottle up black's king. A mating net might even be possible. Otherwise, black's only choice would be 37. ... Kf6, but that loses the h6 pawn to Rg6+. That would present problems for black since that would create a passed pawn (a passed pawn means unopposed by enemy pawns).",1.7070733724115494,0.16666666666666666,0.043478260869565216,0.16666666666666666,0.055082897033158815,0.1258775144815445
"Based on the following information:
moves: 1. e4 c5 2. c3 Nf6 3. e5 Nd5 4. d4 cxd4 5. Qxd4 e6 6. Bf4
engine_eval: Large advantage for Black (eval: -183 centipawns)
engine_best_line: 6... Nc6 7. Qd2 Nxf4 8. Qxf4 Qb6 9. b4 Qc7 10. Nf3 f6 11. Be2 Nxe5 12. O-O Bd6 13. g3 O-O 14. Qe3 Be7 15. a4 a5 16. Nxe5 Qxe5 17. Qxe5 fxe5 18. bxa5 Rxa5 
engine_best_alternative: 6. Nf3 
Here is an explanation on why the last move played was a mistake:",Black's best move was 6. Nf3. Black's position was weakened by the opening. White's control of the center was decisive. 6. b4 was also a strong move. Black would have been forced to give up his pawn to win a pawn for his knight. 6,"? Definitely bad. White should try to castle as soon as possible. Also, in the opening, it's best to develop with attack. 6 Bc4! would be the way to do it (threatens black's knight at d5). After this, black will get an advantage.",2.606924635294817,0.3125,0.06382978723404255,0.14583333333333334,0.12731481481481483,0.23152026534080505
"Based on the following information:
moves: 1. e3 Nf6 2. d4 e6 3. Nf3 Ne4 4. Qe2 f5 5. Ne5 a6 6. Qh5+ g6 7. Qe2 Bg7 8. Nc4 b5 9. Na5 c6 10. h4 Qxa5+ 11. c3 h5 12. Rh3
engine_eval: Large advantage for Black (eval: -489 centipawns)
engine_best_line: 12... Qc7 13. f3 Ng3 14. Qc2 Nxf1 15. g4 hxg4 16. fxg4 Nh2 17. Rxh2 Qg3+ 18. Rf2 Rxh4 19. Nd2 Qxe3+ 20. Re2 Qg3+ 21. Rf2 Qxg4 22. Nf3 Qe4+ 23. Qxe4 Rxe4+ 24. Kd1 d6 25. Bg5 c5 26. Rg2 
engine_best_alternative: 12. Nd2 d5 13. g4 hxg4 14. h5 Qc7 15. a4 gxh5 16. Nxe4 dxe4 17. Bd2 Qe7 18. f3 exf3 19. Qh2 Bb7 20. e4 Nd7 21. Qc7 Kf7 22. Bf4 fxe4 23. axb5 cxb5 
Here is an explanation on why the last move played was a mistake:",12. Nd2 d5 13. g4 hxg4 14. h5 Qc7 15. a4 Nd7 16. Nxe4 dxe4 17. Bd2 Qe7 18. f3 exf3 19. Qh2 Bb7,? White MUST get rid of black's good knight at e4. 12. Nd2 is called for.,4.906081629292278,0.08333333333333333,0.043478260869565216,0.08333333333333333,0.11160714285714286,-0.08705583959817886
"Based on the following information:
moves: 1. e4 e5 2. Nf3 Nc6 3. Bc4 Be7 4. d4 d6 5. Nc3 Nf6 6. O-O O-O 7. h3 a6 8. a4 h6 9. a5 Re8 10. d5 Nb8 11. Ne1 Nh7
engine_eval: Advantage for White (eval: 84 centipawns)
engine_best_line: 12. Nf3 Ng5 13. Nh2 Nh7 14. Ne2 Bg5 15. Ng3 Nd7 16. Re1 Bxc1 17. Qxc1 Ndf6 18. Qd2 c6 19. dxc6 bxc6 20. Rad1 Be6 21. Bxe6 Rxe6 22. c4 Qc7 23. b4 
engine_best_alternative: 11... Nbd7 12. Be3 b5 13. axb6 Nxb6 14. Bd3 c6 15. dxc6 Qc7 16. Qe2 Qxc6 17. Nf3 Rb8 18. Bxa6 Bxa6 19. Qxa6 Rec8 20. Rfb1 Bd8 21. Bxb6 Bxb6 22. Qd3 Qb7 23. Ra6 
Here is an explanation on why the last move played was a mistake:",White's rook on c1 is blocked by black's pawn on d2. White's bishop on c1 also doesn't block black's pawn on e2. Black's rook on c1 doesn't block white's bishop on d1. Black's knight on a,"? Definitely a mistake. Black should of course continue development with ...Nbd7 instead, with the idea of ...Nf8, Ng6, Bd7, c6 with a playable game. The text leaves the center for no good reason.",1.0865403265723372,0.044444444444444446,0.0,0.044444444444444446,0.014619883040935672,-0.07015456259250641
"Based on the following information:
moves: 1. e4 e5 2. Nf3 Nc6 3. Bc4 Be7 4. d4 d6 5. Nc3 Nf6 6. O-O O-O 7. h3 a6
engine_eval: Slight advantage for White (eval: 46 centipawns)
engine_best_line: 8. d5 b5 
engine_best_alternative: 7... Nxe4 
Here is an explanation on why the last move played was a mistake:",White's d-pawn is not a threat. White's bishop is also not a threat. Black's c-pawn is a threat. White's knight is not a threat. White's bishop is not a threat. Black's bishop is a threat. White's knight,"Black's last move is rather dubious. In most King pawn openings, Piece play is everthing. Much more logical is 7. ... cxd4 8. Nxd4 Re8, with a slightly cramped but solid position for black. Notice that White can't play 9. Bg5? Nxe4! as this would win a pawn for black.",0.9962365842932636,0.2391304347826087,0.022222222222222223,0.1956521739130435,0.06160164271047227,-0.046102821826934814
"Based on the following information:
moves: 1. e4 e5 2. Nf3 Nc6 3. Bc4 Be7 4. d4 d6 5. Nc3 Nf6 6. O-O O-O 7. h3 a6 8. a4 h6 9. a5 Re8 10. d5 Nb8 11. Ne1 Nh7 12. f4
engine_eval: The position is equal
engine_best_line: 12... exf4 
engine_best_alternative: 12. Nf3 Ng5 13. Nh2 Nh7 14. Ne2 Bg5 15. Ng3 Nd7 16. Re1 Bxc1 17. Qxc1 Ndf6 18. Qd2 c6 19. dxc6 bxc6 20. Rad1 Be6 21. Bxe6 Rxe6 22. c4 Qc7 23. b4 
Here is an explanation on why the last move played was a mistake:",White's bishop on c1 was out of position. White's knight on f3 was also out of position. White's rook on a2 was also out of position. White's queen on e2 was also out of position. White's bishop on b1 was out of position. White,"This is the right plan, just played too early. Better would've been to prepare this move with Nd3, and possibly even Kh2, g3, f4 so that way white can recapture f4 with a pawn and therefore deprive the nice e5 square for black's pieces. As the game goes, white gets a hole on e5. Squares that cannot be covered by pawns are called holes.",0.6821950930093466,0.08163265306122448,0.0,0.08163265306122448,0.02419354838709677,0.02722172439098358
"Based on the following information:
moves: 1. e4 e5 2. d3 Bc5 3. Be3 Qg5 4. Bxg5 h6 5. Be3 Bb4+ 6. Bd2 Bc5 7. Be3 Bxe3 8. fxe3 Nf6 9. Nf3 Nc6 10. Nc3 d6 11. Nb5 Kd8 12. Qd2 Be6 13. c4 a6 14. Na3 g5 15. d4 g4 16. d5 gxf3 17. dxe6 Nxe4 18. Qc2 f2+ 19. Ke2 f5 20. b3 Ke7 21. g3 Kxe6 22. Bh3 Rac8 23. Kf3 Ng5+ 24. Kxf2 Nxh3+ 25. Kg2 Ng5 26. Rhf1 Rce8 27. Rxf5
engine_eval: Large advantage for White (eval: 480 centipawns)
engine_best_line: 27... Kd7 28. h4 Nb4 29. Qd1 Kc8 30. Nc2 Nc6 31. Qg4 Kb8 32. hxg5 hxg5 33. Rh1 Rxh1 34. Kxh1 Rh8+ 35. Kg1 b6 36. b4 e4 37. Qxe4 
engine_best_alternative: 27. Qxf5+ Ke7 28. h4 Ne6 29. Nb1 Ref8 30. Qh5 Rxf1 31. Kxf1 e4 32. Kg2 Ne5 33. Nd2 Ng7 34. Qe2 Nf5 35. Rf1 Rf8 36. Nxe4 h5 37. Kg1 Ng4 38. Qf3 Ngxe3 39. Nxd6 Kd7 
Here is an explanation on why the last move played was a mistake:",White played 27. Qxf5+ Ke7 28. h4 Ne6 29. Nb1 Re8 30. Qh5 Nf5 31. Kxf1 e4 32. Kg2 Nc6 33. Nd2 Nc6 34.,"Instead, Qxf5+ Ke7 28. h4 would leave white in a strong position.",14.380553624999498,0.20833333333333334,0.13043478260869565,0.16666666666666666,0.3666666666666667,0.2513503134250641
"Based on the following information:
moves: 1. e4 e5 2. Nf3 Nc6 3. Bc4 Be7 4. d4 d6 5. Nc3 Nf6 6. O-O O-O 7. h3 a6 8. a4 h6
engine_eval: Advantage for White (eval: 66 centipawns)
engine_best_line: 9. d5 Nb4 10. Ne2 a5 11. Ng3 c6 12. c3 Na6 13. Be3 Qc7 14. Bxa6 Rxa6 15. c4 Bd7 16. Rc1 Nh7 17. Kh1 c5 18. Rc3 Raa8 19. Bd2 b6 20. Nf5 Bxf5 21. exf5 
engine_best_alternative: 8... Nxe4 9. Nxe4 d5 10. Bxd5 Qxd5 11. Nc3 Qd8 12. dxe5 Qxd1 13. Rxd1 Bf5 14. Nd5 Bxc2 15. Nxe7+ Nxe7 16. Rd7 Rfe8 17. Rxc7 Be4 18. Bg5 Ng6 19. Nd2 Bc6 20. Nc4 h6 21. Bd2 Nxe5 22. Na5 Rac8 23. Rxc8 Rxc8 24. Bc3 Ng6 25. Nxc6 Rxc6 26. Rd1 Rc7 27. Rd8+ Kh7 28. Rd6 f6 29. a5 Nf4 
Here is an explanation on why the last move played was a mistake:",White's queen was too far away from her pawn. White's bishop was also too far away from her queen. White's bishop was also too far away from her queen. White's bishop was also too far away from her queen. White's bishop was also too far away from her queen,There is no need for this move. Black should still play the plan mentioned on move 7.,0.8165967685677477,0.0,0.0,0.0,0.0,-0.03963395580649376
"Based on the following information:
moves: 1. Nf3 Nf6 2. Nc3 Nc6 3. d4 d5 4. e4 dxe4 5. d5 exf3 6. dxc6 fxg2 7. Bxg2 Qxd1+ 8. Kxd1 Bf5 9. cxb7 Rd8+ 10. Bd2 e5 11. Re1 Bd6 12. Bc6+ Bd7 13. Bf3 O-O 14. Ne4 Bg4 15. Nxf6+ gxf6 16. Bxg4 Bb4 17. Re2 Bxd2 18. Rxd2 Rxd2+ 19. Kxd2 Rd8+ 20. Ke1 Rb8 21. Bf3 f5 22. Rd1 e4 23. Bg2 Rxb7 24. f3 exf3 25. Bxf3 Rxb2 26. Rd8+ Kg7 27. Kd1 Rxa2 28. Bd5 Ra3 29. Rd7 c5 30. Rxf7+ Kg6 31. Rc7 Ra5 32. Bg8 h6 33. Bh7+ Kg5 34. Rf7 f4 35. Ke1 c4 36. Kf2 a6 37. Kg2 Kh4 38. Rxf4+ Kg5 39. Kg3
engine_eval: Large advantage for White (eval: 496 centipawns)
engine_best_line: 39... Kh5 40. Rxc4 Rg5+ 41. Kf2 a5 42. Ra4 Re5 43. Be4 Kh4 44. Ke3 Kh3 45. Kd4 Rg5 46. Ra3+ Kxh2 47. c4 Kg1 48. c5 Rxc5 49. Kxc5 Kh2 50. Kd4 h5 51. Bd5 h4 52. Ra2+ Kg3 
engine_best_alternative: 39. Kf3 Ra3+ 40. Ke4 Rh3 41. Rf5+ Kh4 42. Rf2 Ra3 43. Bf5 Kg5 44. Be6 a5 45. Bxc4 a4 46. Bd5 Ra1 47. c4 a3 48. c5 a2 49. Rxa2 Re1+ 50. Kd4 Kf6 51. c6 Rc1 52. Rb2 Ke7 53. Ke5 
Here is an explanation on why the last move played was a mistake:",White's light-squared bishop was not defended. White's knight was also not defended. The white's light-squared bishop was not defended. The black's rook was defended. White's light-squared bishop was not defended. White's knight was not defended. The black's,There was a free pawn on c4. There was no reason not to take it.,1.2744039505750158,0.06382978723404255,0.0,0.06382978723404255,0.08720930232558141,-0.037960320711135864
"Based on the following information:
moves: 1. e4 c5 2. c3 Nf6 3. e5 Nd5 4. d4 cxd4 5. Qxd4 e6 6. Bf4 Nc6 7. Qd2 h6
engine_eval: The position is equal
engine_best_line: 8. Bg3 g5 
engine_best_alternative: 7... Nxf4 8. Qxf4 Qc7 9. Nf3 f6 10. Bd3 fxe5 11. Qh4 d5 12. Bg6+ Kd7 13. Nbd2 Be7 14. Qh5 Bf6 15. Rd1 Qd8 16. Bd3 Kc7 17. O-O Qe8 18. Qh3 h5 
Here is an explanation on why the last move played was a mistake:",The error is that black didn't defend his d-pawn. White has a huge advantage in development. White's development is strong. White's king is safe. White's bishop is active. White's knight is active. White's rook is active. White's bishop is,"Black's first slip. Black can win a pawn, starting with 7. ... Nxf4 8. Qxf4 Qc7 9. Nf3 f6. Notice white can't take the black pawn on f6 because that would expose white's queen to attack by the black queen. White's king pawn is what is called a pin.",3.2777342746208986,0.3191489361702128,0.06521739130434782,0.2127659574468085,0.10416666666666666,0.05613474175333977
"Based on the following information:
moves: 1. e4 e5 2. d3 Bc5 3. Be3 Qg5 4. Bxg5 h6 5. Be3 Bb4+ 6. Bd2 Bc5 7. Be3 Bxe3 8. fxe3 Nf6 9. Nf3 Nc6 10. Nc3 d6 11. Nb5 Kd8 12. Qd2 Be6 13. c4 a6 14. Na3 g5 15. d4 g4 16. d5 gxf3 17. dxe6 Nxe4 18. Qc2 f2+ 19. Ke2 f5 20. b3 Ke7 21. g3 Kxe6 22. Bh3 Rac8 23. Kf3 Ng5+ 24. Kxf2 Nxh3+ 25. Kg2 Ng5 26. Rhf1 Rce8 27. Rxf5 Nb4 28. Qb1
engine_eval: Large advantage for White (eval: 504 centipawns)
engine_best_line: 28... Kd7 29. h4 Kc8 30. hxg5 hxg5 31. Rf7 e4 32. Qf1 Kb8 33. Qf6 Nd3 34. Rh1 Rxh1 35. Kxh1 Ka7 36. Kg2 Re5 37. Qxe5 Nxe5 38. Rf1 Kb6 39. Nb1 Ng4 40. Kg1 Nxe3 
engine_best_alternative: 28. Qd2 Nc6 29. Raf1 Kd7 30. c5 d5 31. Qxd5+ Kc8 32. Nc4 Rd8 33. Qxd8+ Rxd8 34. Rf8 Ne6 35. Rxd8+ Kxd8 36. Rf5 Ke7 37. Nxe5 Nxe5 38. Rxe5 Kf6 39. Rd5 Ng7 40. a3 a5 41. e4 
Here is an explanation on why the last move played was a mistake:",28. Qd2 Nc6 29. Raf1 Kd7 30. c5 d5 31. Qxd5+ Kc8 32. Nc4 Rd8 33. Qxd8+ Rxd8 34. Rf8 Ne6 35. Rxd8,"Too passive. Qf2! is natural and strong. Remember with your heavy pieces (rooks & queens), have them double on an open column, or file. What might happen is 28. Qf2 Ne4 29. Qf3 Ng5 30. Qg4 (threatening Rxg5, discovered check!) Ke7 31. Raf1, getting nearly all white's pieces into the attack. The only straggler is that knight at a3, but he can be rerouted by Nb1- c3.",1.0129662813422136,0.21739130434782608,0.0,0.17391304347826086,0.03194888178913737,0.11710815131664276
