comment,good,reasoning,moves,context,engine_eval,engine_best_line,engine_best_alternative
Dr. Lasker goes for the Slav Defense. His c-pawn supports the d-pawn's advance to d5.,True," The comment suggests a potential weakness in the Slav Defense, indicating a flawed strategic choice.",1. d4 Nf6 2. c4 c6,"This is a game between Capablanca,J (as White) and Lasker,Em (as Black). Last move played: Black plays Pawn to c6",Slight advantage for White (eval: 30 centipawns),3. Nc3 d5 ,2... e6 3. g3 
Lasker grabs the initiative by attacking the f4-Bishop.,True," The comment suggests a potential tactical error, indicating the player misjudged the Bishop's position.",1. d4 Nf6 2. c4 c6 3. Nc3 d5 4. cxd5 cxd5 5. Nf3 Nc6 6. Bf4 e6 7. e3 Be7 8. Bd3 O-O 9. O-O Nh5,"This is a game between Capablanca,J (as White) and Lasker,Em (as Black). Last move played: Black plays Knight to h5",Slight advantage for White (eval: 33 centipawns),10. Be5 ,9... Nh5 10. Be5 g6 11. h3 Nxe5 12. dxe5 f6 13. exf6 Bxf6 14. Rc1 Bd7 15. Bb5 Rc8 16. Bxd7 Qxd7 17. Qb3 a6 18. Qb6 Rc7 
This is odd. Lasker has created a hole on e5; the White Bishop now sits comfortably there. Playing ...f6 makes much more sense.,True," The comment offers a potential explanation for the mistake, suggesting a strategic reason for the Bishop's placement.",1. d4 Nf6 2. c4 c6 3. Nc3 d5 4. cxd5 cxd5 5. Nf3 Nc6 6. Bf4 e6 7. e3 Be7 8. Bd3 O-O 9. O-O Nh5 10. Be5 f5,"This is a game between Capablanca,J (as White) and Lasker,Em (as Black). Last move played: Black plays Pawn to f5",Advantage for White (eval: 58 centipawns),11. Qb3 ,10... f6 
Capablanca is the first one to grab the open c-file.,True,". This comment provides a potential explanation for the mistake, suggesting a strategic miscalculation.",1. d4 Nf6 2. c4 c6 3. Nc3 d5 4. cxd5 cxd5 5. Nf3 Nc6 6. Bf4 e6 7. e3 Be7 8. Bd3 O-O 9. O-O Nh5 10. Be5 f5 11. Rc1,"This is a game between Capablanca,J (as White) and Lasker,Em (as Black). Last move played: White plays Rook to c1",Advantage for White (eval: 52 centipawns),11... Nf6 12. a3 Bd7 13. Bf4 Ne4 14. h3 Rc8 15. Ne2 Bf6 16. Bh2 Qb6 17. Qa4 a6 18. b4 Be8 19. Rb1 Bh5 20. b5 ,11. Qb3 
"The Knight is going to g4, where it will start a Kingside attack or to e4 will it will dominate the heart of White's position.",True," The comment suggests a potential tactical threat, indicating a flawed move.",1. d4 Nf6 2. c4 c6 3. Nc3 d5 4. cxd5 cxd5 5. Nf3 Nc6 6. Bf4 e6 7. e3 Be7 8. Bd3 O-O 9. O-O Nh5 10. Be5 f5 11. Rc1 Nf6,"This is a game between Capablanca,J (as White) and Lasker,Em (as Black). Last move played: Black plays Knight to f6",Slight advantage for White (eval: 49 centipawns),12. h3 ,11... Nf6 12. a3 Bd7 13. Bf4 Ne4 14. h3 Rc8 15. Ne2 Bf6 16. Bh2 Qb6 17. Qa4 a6 18. b4 Be8 19. Rb1 Bh5 20. b5 
This is a clearance maneuver -- the Knight is getting out of the way of its own f-pawn.,True," The comment offers a potential explanation for the mistake, suggesting the Knight is obstructing its own f-pawn.",1. d4 Nf6 2. c4 c6 3. Nc3 d5 4. cxd5 cxd5 5. Nf3 Nc6 6. Bf4 e6 7. e3 Be7 8. Bd3 O-O 9. O-O Nh5 10. Be5 f5 11. Rc1 Nf6 12. Bxf6 gxf6 13. Nh4,"This is a game between Capablanca,J (as White) and Lasker,Em (as Black). Last move played: White plays Knight to h4",Slight advantage for White (eval: 36 centipawns),13... Kh8 14. Be2 ,13. Nh4 Kh8 
The Bishop thwarts the White Knight's move.,True," The comment directly identifies a flaw in the White Knight's position, suggesting the Bishop hinders its progress.",1. d4 Nf6 2. c4 c6 3. Nc3 d5 4. cxd5 cxd5 5. Nf3 Nc6 6. Bf4 e6 7. e3 Be7 8. Bd3 O-O 9. O-O Nh5 10. Be5 f5 11. Rc1 Nf6 12. Bxf6 gxf6 13. Nh4 Kh8 14. f4 Rg8 15. Rf3 Bd7 16. Rh3 Be8,"This is a game between Capablanca,J (as White) and Lasker,Em (as Black). Last move played: Black plays Bishop to e8",The position is equal,17. Rg3 Rxg3 ,16... Qe8 
"The pawns are doubled, but not yet terribly weak. Capa's plan now might be to put his Queen and Rook on the half-open h-file, the highway leading straight to the Black King.",True," The comment suggests a strategic goal for the opponent, indicating a potential weakness exploited by the player.",1. d4 Nf6 2. c4 c6 3. Nc3 d5 4. cxd5 cxd5 5. Nf3 Nc6 6. Bf4 e6 7. e3 Be7 8. Bd3 O-O 9. O-O Nh5 10. Be5 f5 11. Rc1 Nf6 12. Bxf6 gxf6 13. Nh4 Kh8 14. f4 Rg8 15. Rf3 Bd7 16. Rh3 Be8 17. a3 Rg7 18. Rg3 Rxg3 19. hxg3,"This is a game between Capablanca,J (as White) and Lasker,Em (as Black). Last move played: White plays Pawn takes on g3",Slight advantage for White (eval: 41 centipawns),19... Bf7 20. Kf2 ,19. hxg3 Bf7 20. Kf2 Qg8 21. Qh1 Rd8 22. Qh3 Bd6 23. Nf3 h5 24. Nh4 Kg7 25. Be2 Qh8 26. b4 Ne7 27. Nb5 
The Knight is going to c4 to put pressure on White's b- and e-pawns.,True," The comment suggests a potential tactical error, indicating a misjudgment of the Knight's placement.",1. d4 Nf6 2. c4 c6 3. Nc3 d5 4. cxd5 cxd5 5. Nf3 Nc6 6. Bf4 e6 7. e3 Be7 8. Bd3 O-O 9. O-O Nh5 10. Be5 f5 11. Rc1 Nf6 12. Bxf6 gxf6 13. Nh4 Kh8 14. f4 Rg8 15. Rf3 Bd7 16. Rh3 Be8 17. a3 Rg7 18. Rg3 Rxg3 19. hxg3 Rc8 20. Kf2 Na5,"This is a game between Capablanca,J (as White) and Lasker,Em (as Black). Last move played: Black plays Knight to a5",Large advantage for White (eval: 117 centipawns),21. g4 fxg4 22. Qxg4 f5 23. Nxf5 exf5 24. Bxf5 h5 25. Rh1 Rc6 26. Rxh5+ Bxh5 27. Qxh5+ Kg7 28. Qh7+ Kf8 29. Bg6 Rxg6 30. Qxg6 Nc4 31. Qh6+ Ke8 32. Qh3 ,20... Rc7 21. Qe2 
Now the nimble Knight will drop onto e4 with check.,True," The comment describes a potential tactical threat, suggesting a miscalculation, but doesn't explicitly state the mistake.",1. d4 Nf6 2. c4 c6 3. Nc3 d5 4. cxd5 cxd5 5. Nf3 Nc6 6. Bf4 e6 7. e3 Be7 8. Bd3 O-O 9. O-O Nh5 10. Be5 f5 11. Rc1 Nf6 12. Bxf6 gxf6 13. Nh4 Kh8 14. f4 Rg8 15. Rf3 Bd7 16. Rh3 Be8 17. a3 Rg7 18. Rg3 Rxg3 19. hxg3 Rc8 20. Kf2 Na5 21. Qf3 Nc4 22. Qe2 Nd6,"This is a game between Capablanca,J (as White) and Lasker,Em (as Black). Last move played: Black plays Knight to d6",The position is equal,23. Rh1 Bf7 24. g4 Ne4+ 25. Bxe4 fxe4 26. f5 Qg8 27. fxe6 Bxe6 28. Nf5 Bxf5 29. gxf5 Bxa3 30. Qb5 Rc7 31. Rh3 Bd6 32. Kf1 b6 33. Qxd5 Qxd5 34. Nxd5 Rc1+ 35. Ke2 Kg7 36. Rh4 Rc2+ 37. Kf1 Rc1+ ,22... Bf8 23. Bxc4 Rxc4 24. Nf3 Qc8 25. Qd2 Kg7 26. Ne1 Qc7 27. Nd3 a5 28. Kg1 Bh5 29. Kh2 Qb6 30. Kg1 Bg4 31. Na2 Rxc1+ 32. Ndxc1 
Amazing! Capablanca sacrifices a Knight for two pawns and the attack!,True," The comment clearly describes a tactical sacrifice, indicating a flawed assessment of the resulting position.",1. d4 Nf6 2. c4 c6 3. Nc3 d5 4. cxd5 cxd5 5. Nf3 Nc6 6. Bf4 e6 7. e3 Be7 8. Bd3 O-O 9. O-O Nh5 10. Be5 f5 11. Rc1 Nf6 12. Bxf6 gxf6 13. Nh4 Kh8 14. f4 Rg8 15. Rf3 Bd7 16. Rh3 Be8 17. a3 Rg7 18. Rg3 Rxg3 19. hxg3 Rc8 20. Kf2 Na5 21. Qf3 Nc4 22. Qe2 Nd6 23. Rh1 Ne4+ 24. Bxe4 fxe4 25. Qg4 f5 26. Nxf5,"This is a game between Capablanca,J (as White) and Lasker,Em (as Black). Last move played: White plays Knight takes on f5",Advantage for White (eval: 86 centipawns),26... exf5 27. Qxf5 h5 28. g4 Kg8 29. gxh5 Qd7 30. Qxd7 Bxd7 31. g4 Be6 32. f5 Rf8 33. Ke1 Bd7 34. Nxd5 Bg5 35. Kf2 Kh7 36. Rc1 Kh6 37. Nf4 Rc8 38. Rxc8 Bxc8 39. d5 Bh4+ ,26. Nxf5 exf5 
Lasker stops the mate threat by moving the target to a protected square. Now the h1-Rook's access is blocked to the intended mating square (h7).,True," The comment identifies a potential tactical error and suggests a defensive move, indicating a flawed assessment of the position.",1. d4 Nf6 2. c4 c6 3. Nc3 d5 4. cxd5 cxd5 5. Nf3 Nc6 6. Bf4 e6 7. e3 Be7 8. Bd3 O-O 9. O-O Nh5 10. Be5 f5 11. Rc1 Nf6 12. Bxf6 gxf6 13. Nh4 Kh8 14. f4 Rg8 15. Rf3 Bd7 16. Rh3 Be8 17. a3 Rg7 18. Rg3 Rxg3 19. hxg3 Rc8 20. Kf2 Na5 21. Qf3 Nc4 22. Qe2 Nd6 23. Rh1 Ne4+ 24. Bxe4 fxe4 25. Qg4 f5 26. Nxf5 exf5 27. Qxf5 h5,"This is a game between Capablanca,J (as White) and Lasker,Em (as Black). Last move played: Black plays Pawn to h5",Advantage for White (eval: 63 centipawns),28. g4 Kg8 ,27... h5 
Capa attacks the obstructing pawn.,True,", The comment suggests a potential tactical threat, indicating a flaw in the move's planning.",1. d4 Nf6 2. c4 c6 3. Nc3 d5 4. cxd5 cxd5 5. Nf3 Nc6 6. Bf4 e6 7. e3 Be7 8. Bd3 O-O 9. O-O Nh5 10. Be5 f5 11. Rc1 Nf6 12. Bxf6 gxf6 13. Nh4 Kh8 14. f4 Rg8 15. Rf3 Bd7 16. Rh3 Be8 17. a3 Rg7 18. Rg3 Rxg3 19. hxg3 Rc8 20. Kf2 Na5 21. Qf3 Nc4 22. Qe2 Nd6 23. Rh1 Ne4+ 24. Bxe4 fxe4 25. Qg4 f5 26. Nxf5 exf5 27. Qxf5 h5 28. g4,"This is a game between Capablanca,J (as White) and Lasker,Em (as Black). Last move played: White plays Pawn to g4",Advantage for White (eval: 77 centipawns),28... Kg8 ,28. g4 Kg8 
Keeping the Rook off of f6.,True,", The comment indicates a potential weakness in the rook placement, suggesting a defensive strategy that could be improved.",1. d4 Nf6 2. c4 c6 3. Nc3 d5 4. cxd5 cxd5 5. Nf3 Nc6 6. Bf4 e6 7. e3 Be7 8. Bd3 O-O 9. O-O Nh5 10. Be5 f5 11. Rc1 Nf6 12. Bxf6 gxf6 13. Nh4 Kh8 14. f4 Rg8 15. Rf3 Bd7 16. Rh3 Be8 17. a3 Rg7 18. Rg3 Rxg3 19. hxg3 Rc8 20. Kf2 Na5 21. Qf3 Nc4 22. Qe2 Nd6 23. Rh1 Ne4+ 24. Bxe4 fxe4 25. Qg4 f5 26. Nxf5 exf5 27. Qxf5 h5 28. g4 Rc6 29. g5,"This is a game between Capablanca,J (as White) and Lasker,Em (as Black). Last move played: White plays Pawn to g5",Advantage for White (eval: 60 centipawns),29... Kg8 ,29. Nxd5 
"The material is even, but imbalanced. Capa has three extra pawns, but Lasker has an extra minor piece. Capa enjoys a huge advantage here, though: the e4-pawn is en prise, the Black King is terribly exposed, and the Black Bishops are bottled up.",True," The comment offers a detailed analysis of the positional imbalance, suggesting a significant tactical flaw.",1. d4 Nf6 2. c4 c6 3. Nc3 d5 4. cxd5 cxd5 5. Nf3 Nc6 6. Bf4 e6 7. e3 Be7 8. Bd3 O-O 9. O-O Nh5 10. Be5 f5 11. Rc1 Nf6 12. Bxf6 gxf6 13. Nh4 Kh8 14. f4 Rg8 15. Rf3 Bd7 16. Rh3 Be8 17. a3 Rg7 18. Rg3 Rxg3 19. hxg3 Rc8 20. Kf2 Na5 21. Qf3 Nc4 22. Qe2 Nd6 23. Rh1 Ne4+ 24. Bxe4 fxe4 25. Qg4 f5 26. Nxf5 exf5 27. Qxf5 h5 28. g4 Rc6 29. g5 Kg8 30. Nxd5,"This is a game between Capablanca,J (as White) and Lasker,Em (as Black). Last move played: White plays Knight takes on d5",The position is equal,30... Bf7 31. Nxe7+ Qxe7 32. g4 Rc2+ 33. Kg3 Re2 34. g6 h4+ 35. Rxh4 Rxe3+ 36. Kg2 Re2+ 37. Kh3 Re3+ 38. Kg2 ,30. g4 Bg6 
And the attack is on again!,True,". The comment indicates a continuation of an attack, suggesting a flawed strategic decision.",1. d4 Nf6 2. c4 c6 3. Nc3 d5 4. cxd5 cxd5 5. Nf3 Nc6 6. Bf4 e6 7. e3 Be7 8. Bd3 O-O 9. O-O Nh5 10. Be5 f5 11. Rc1 Nf6 12. Bxf6 gxf6 13. Nh4 Kh8 14. f4 Rg8 15. Rf3 Bd7 16. Rh3 Be8 17. a3 Rg7 18. Rg3 Rxg3 19. hxg3 Rc8 20. Kf2 Na5 21. Qf3 Nc4 22. Qe2 Nd6 23. Rh1 Ne4+ 24. Bxe4 fxe4 25. Qg4 f5 26. Nxf5 exf5 27. Qxf5 h5 28. g4 Rc6 29. g5 Kg8 30. Nxd5 Bf7 31. Nxe7+ Qxe7 32. g4 hxg4 33. Qh7+,"This is a game between Capablanca,J (as White) and Lasker,Em (as Black). Last move played: White plays Queen to h7 with check",Large advantage for White (eval: 163 centipawns),33... Kf8 ,33. Qh7+ 
"Take a look at the pawn structure! Every one of Black's pawns is isolated! This should give you a clue as to how Capa should proceed: use the Queen to harass the King and seize the initiative, create promotion threats to force the Black pieces to respond, and kill off the Black pawns one-by-one.",True, The comment offers potential strategic insights that could be helpful in analyzing the mistake.,1. d4 Nf6 2. c4 c6 3. Nc3 d5 4. cxd5 cxd5 5. Nf3 Nc6 6. Bf4 e6 7. e3 Be7 8. Bd3 O-O 9. O-O Nh5 10. Be5 f5 11. Rc1 Nf6 12. Bxf6 gxf6 13. Nh4 Kh8 14. f4 Rg8 15. Rf3 Bd7 16. Rh3 Be8 17. a3 Rg7 18. Rg3 Rxg3 19. hxg3 Rc8 20. Kf2 Na5 21. Qf3 Nc4 22. Qe2 Nd6 23. Rh1 Ne4+ 24. Bxe4 fxe4 25. Qg4 f5 26. Nxf5 exf5 27. Qxf5 h5 28. g4 Rc6 29. g5 Kg8 30. Nxd5 Bf7 31. Nxe7+ Qxe7 32. g4 hxg4 33. Qh7+ Kf8 34. Rh6 Bg8 35. Qf5+ Kg7 36. Rxc6 bxc6,"This is a game between Capablanca,J (as White) and Lasker,Em (as Black). Last move played: Black plays Pawn takes on c6",The position is equal,37. Qxg4 Qd6 ,36... bxc6 37. Qxg4 
Now it's really exciting: three pawns versus a Bishop and White's King holds the opposition.,True," The comment describes a potential tactical threat, but doesn't explicitly state why the move was a mistake.",1. d4 Nf6 2. c4 c6 3. Nc3 d5 4. cxd5 cxd5 5. Nf3 Nc6 6. Bf4 e6 7. e3 Be7 8. Bd3 O-O 9. O-O Nh5 10. Be5 f5 11. Rc1 Nf6 12. Bxf6 gxf6 13. Nh4 Kh8 14. f4 Rg8 15. Rf3 Bd7 16. Rh3 Be8 17. a3 Rg7 18. Rg3 Rxg3 19. hxg3 Rc8 20. Kf2 Na5 21. Qf3 Nc4 22. Qe2 Nd6 23. Rh1 Ne4+ 24. Bxe4 fxe4 25. Qg4 f5 26. Nxf5 exf5 27. Qxf5 h5 28. g4 Rc6 29. g5 Kg8 30. Nxd5 Bf7 31. Nxe7+ Qxe7 32. g4 hxg4 33. Qh7+ Kf8 34. Rh6 Bg8 35. Qf5+ Kg7 36. Rxc6 bxc6 37. Kg3 Qe6 38. Kxg4 Qxf5+ 39. Kxf5,"This is a game between Capablanca,J (as White) and Lasker,Em (as Black). Last move played: White plays King takes on f5",Large advantage for White (eval: 484 centipawns),39... Bd5 40. b4 Bc4 41. Kxe4 Kg6 42. Ke5 Bd3 43. e4 Bc2 44. d5 cxd5 45. exd5 Bb3 46. Kd6 Kf5 47. Kc6 Kxf4 48. d6 Ba4+ 49. Kc7 ,39. Kxf5 Bd5 40. b4 Kf7 41. Ke5 a6 42. a4 Bb3 43. Kxe4 Bxa4 44. f5 Bc2+ 45. Kf4 Ke7 46. e4 Kf8 47. e5 Bb3 48. e6 Ke7 
"Look at the big, pointy-headed pawn! But Lasker doesn't have much else -- all of White's pawns are on the opposite-colored from his Bishop.",True," The comment suggests a tactical weakness in White's pawn structure, indicating a potential mistake.",1. d4 Nf6 2. c4 c6 3. Nc3 d5 4. cxd5 cxd5 5. Nf3 Nc6 6. Bf4 e6 7. e3 Be7 8. Bd3 O-O 9. O-O Nh5 10. Be5 f5 11. Rc1 Nf6 12. Bxf6 gxf6 13. Nh4 Kh8 14. f4 Rg8 15. Rf3 Bd7 16. Rh3 Be8 17. a3 Rg7 18. Rg3 Rxg3 19. hxg3 Rc8 20. Kf2 Na5 21. Qf3 Nc4 22. Qe2 Nd6 23. Rh1 Ne4+ 24. Bxe4 fxe4 25. Qg4 f5 26. Nxf5 exf5 27. Qxf5 h5 28. g4 Rc6 29. g5 Kg8 30. Nxd5 Bf7 31. Nxe7+ Qxe7 32. g4 hxg4 33. Qh7+ Kf8 34. Rh6 Bg8 35. Qf5+ Kg7 36. Rxc6 bxc6 37. Kg3 Qe6 38. Kxg4 Qxf5+ 39. Kxf5 Bd5,"This is a game between Capablanca,J (as White) and Lasker,Em (as Black). Last move played: Black plays Bishop to d5",Large advantage for White (eval: 506 centipawns),40. b4 Kf8 41. Ke5 a6 42. a4 Bb3 43. Kxe4 Bxa4 44. f5 Bc2+ 45. Kf4 Bd3 46. e4 Bc2 47. e5 Ke7 48. g6 Bb3 49. Kg5 Kf8 50. e6 Ba2 51. Kf6 Bd5 52. e7+ Ke8 53. Kg7 Kxe7 54. f6+ Kd6 55. f7 ,39... Bd5 40. b4 Bc4 41. Kxe4 Kg6 42. Ke5 Bd3 43. e4 Bc2 44. d5 cxd5 45. exd5 Bb3 46. Kd6 Kf5 47. Kc6 Kxf4 48. d6 Ba4+ 49. Kc7 
"A deliberate pawn sacrifice, designed to aid in driving back the Black King.",True," The comment describes a strategic move, suggesting a calculated risk to destabilize the opponent’s position.",1. d4 Nf6 2. c4 c6 3. Nc3 d5 4. cxd5 cxd5 5. Nf3 Nc6 6. Bf4 e6 7. e3 Be7 8. Bd3 O-O 9. O-O Nh5 10. Be5 f5 11. Rc1 Nf6 12. Bxf6 gxf6 13. Nh4 Kh8 14. f4 Rg8 15. Rf3 Bd7 16. Rh3 Be8 17. a3 Rg7 18. Rg3 Rxg3 19. hxg3 Rc8 20. Kf2 Na5 21. Qf3 Nc4 22. Qe2 Nd6 23. Rh1 Ne4+ 24. Bxe4 fxe4 25. Qg4 f5 26. Nxf5 exf5 27. Qxf5 h5 28. g4 Rc6 29. g5 Kg8 30. Nxd5 Bf7 31. Nxe7+ Qxe7 32. g4 hxg4 33. Qh7+ Kf8 34. Rh6 Bg8 35. Qf5+ Kg7 36. Rxc6 bxc6 37. Kg3 Qe6 38. Kxg4 Qxf5+ 39. Kxf5 Bd5 40. b4 a6 41. Kg4 Bc4 42. f5 Bb3 43. Kf4 Bc2 44. Ke5 Kf7 45. a4,"This is a game between Capablanca,J (as White) and Lasker,Em (as Black). Last move played: White plays Pawn to a4",Large advantage for White (eval: 555 centipawns),45... Kg7 46. a5 ,45. d5 cxd5 46. Kxd5 Bd3 47. a4 Be2 48. Kxe4 Kf8 49. Kf4 Bd3 50. e4 Bc4 51. e5 Bd3 52. e6 Be2 53. Ke4 Bg4 54. Ke5 Be2 
"Driving the King back further. Lasker sees that he won't be able to stop all three pawns from breaking to the eighth rank, so he resigns.",True, The comment accurately describes a common tactical error leading to a resignation due to the threat of pawn advances.,1. d4 Nf6 2. c4 c6 3. Nc3 d5 4. cxd5 cxd5 5. Nf3 Nc6 6. Bf4 e6 7. e3 Be7 8. Bd3 O-O 9. O-O Nh5 10. Be5 f5 11. Rc1 Nf6 12. Bxf6 gxf6 13. Nh4 Kh8 14. f4 Rg8 15. Rf3 Bd7 16. Rh3 Be8 17. a3 Rg7 18. Rg3 Rxg3 19. hxg3 Rc8 20. Kf2 Na5 21. Qf3 Nc4 22. Qe2 Nd6 23. Rh1 Ne4+ 24. Bxe4 fxe4 25. Qg4 f5 26. Nxf5 exf5 27. Qxf5 h5 28. g4 Rc6 29. g5 Kg8 30. Nxd5 Bf7 31. Nxe7+ Qxe7 32. g4 hxg4 33. Qh7+ Kf8 34. Rh6 Bg8 35. Qf5+ Kg7 36. Rxc6 bxc6 37. Kg3 Qe6 38. Kxg4 Qxf5+ 39. Kxf5 Bd5 40. b4 a6 41. Kg4 Bc4 42. f5 Bb3 43. Kf4 Bc2 44. Ke5 Kf7 45. a4 Kg7 46. d5 Bxa4 47. d6 c5 48. bxc5 Bc6 49. Ke6 a5 50. f6+,"This is a game between Capablanca,J (as White) and Lasker,Em (as Black). Last move played: White plays Pawn to f6 with check",Large advantage for White (eval: 1193 centipawns),50... Kg6 51. Ke7 Bd5 52. d7 Ba2 53. d8=Q Bb3 54. c6 Kh5 55. f7 Bxf7 56. Kxf7 Kh4 57. c7 Kg3 58. Qf6 Kh2 59. g6 Kh1 ,50. Ke7 Bb5 51. f6+ Kg6 52. f7 Be2 53. f8=Q Kh5 54. Qf7+ Kg4 55. g6 Bc4 56. Qxc4 Kf3 57. Qc1 Ke2 58. g7 Kf2 59. g8=Q a4 60. Qa2+ Kg3 
Lasker grabs the initiative by attacking the f4-Bishop.,True," The comment describes a move that is likely illegal, suggesting a flawed strategic plan.",1. d4 Nf6 2. c4 c6 3. Nc3 d5 4. cxd5 cxd5 5. Nf3 Nc6 6. Bf4 e6 7. e3 Be7 8. Bd3 O-O 9. O-O Nh5,"This is a game between Capablanca,J (as White) and Lasker,Em (as Black). Last move played: Black plays Knight to h5",Slight advantage for White (eval: 33 centipawns),10. Be5 ,9... Nh5 10. Be5 g6 11. h3 Nxe5 12. dxe5 f6 13. exf6 Bxf6 14. Rc1 Bd7 15. Bb5 Rc8 16. Bxd7 Qxd7 17. Qb3 a6 18. Qb6 Rc7 
"Capa starts a ""Rook lift"" -- moving the Rook to an open rank where it can move sideways to a new file.",True, The comment offers a valid strategic consideration for endgame play.,1. d4 Nf6 2. c4 c6 3. Nc3 d5 4. cxd5 cxd5 5. Nf3 Nc6 6. Bf4 e6 7. e3 Be7 8. Bd3 O-O 9. O-O Nh5 10. Be5 f5 11. Rc1 Nf6 12. Bxf6 gxf6 13. Nh4 Kh8 14. f4 Rg8 15. Rf3,"This is a game between Capablanca,J (as White) and Lasker,Em (as Black). Last move played: White plays Rook to f3",The position is equal,15... Bd7 ,15. Rf3 Bd7 
The Bishop thwarts the White Knight's move.,True,", The comment suggests a tactical error involving the pawn, indicating a flawed assessment of the position.",1. d4 Nf6 2. c4 c6 3. Nc3 d5 4. cxd5 cxd5 5. Nf3 Nc6 6. Bf4 e6 7. e3 Be7 8. Bd3 O-O 9. O-O Nh5 10. Be5 f5 11. Rc1 Nf6 12. Bxf6 gxf6 13. Nh4 Kh8 14. f4 Rg8 15. Rf3 Bd7 16. Rh3 Be8,"This is a game between Capablanca,J (as White) and Lasker,Em (as Black). Last move played: Black plays Bishop to e8",The position is equal,17. Rg3 Rxg3 ,16... Qe8 
To prevent ...Nb4.,True, The comment accurately identifies a forced disadvantage due to pawn weakening.,1. d4 Nf6 2. c4 c6 3. Nc3 d5 4. cxd5 cxd5 5. Nf3 Nc6 6. Bf4 e6 7. e3 Be7 8. Bd3 O-O 9. O-O Nh5 10. Be5 f5 11. Rc1 Nf6 12. Bxf6 gxf6 13. Nh4 Kh8 14. f4 Rg8 15. Rf3 Bd7 16. Rh3 Be8 17. a3,"This is a game between Capablanca,J (as White) and Lasker,Em (as Black). Last move played: White plays Pawn to a3",The position is equal,17... Rc8 ,17. Rg3 Rxg3 
"With the c-pawns exchanged off, both players have the opportunity to use the open c-file as a base of operation for their Rooks.",True," The comment clarifies the King's move, suggesting a defensive action to avoid a potential threat.",1. d4 Nf6 2. c4 c6 3. Nc3 d5 4. cxd5 cxd5,"This is a game between Capablanca,J (as White) and Lasker,Em (as Black). Last move played: Black plays Pawn takes on d5",Slight advantage for White (eval: 31 centipawns),5. Bf4 ,4... cxd5 5. Bf4 
This is odd. Lasker has created a hole on e5; the White Bishop now sits comfortably there. Playing ...f6 makes much more sense.,True," The comment suggests a missed opportunity for a more active development, indicating a suboptimal move choice.",1. d4 Nf6 2. c4 c6 3. Nc3 d5 4. cxd5 cxd5 5. Nf3 Nc6 6. Bf4 e6 7. e3 Be7 8. Bd3 O-O 9. O-O Nh5 10. Be5 f5,"This is a game between Capablanca,J (as White) and Lasker,Em (as Black). Last move played: Black plays Pawn to f5",Advantage for White (eval: 58 centipawns),11. Qb3 ,10... f6 
Dr. Lasker goes for the Slav Defense. His c-pawn supports the d-pawn's advance to d5.,True," The comment suggests a potential weakness in the opponent’s structure, indicating a tactical flaw.",1. d4 Nf6 2. c4 c6,"This is a game between Capablanca,J (as White) and Lasker,Em (as Black). Last move played: Black plays Pawn to c6",Slight advantage for White (eval: 30 centipawns),3. Nc3 d5 ,2... e6 3. g3 
"With the c-pawns exchanged off, both players have the opportunity to use the open c-file as a base of operation for their Rooks.",True, The comment accurately identifies a critical threat and explains why the move was unsuccessful.,1. d4 Nf6 2. c4 c6 3. Nc3 d5 4. cxd5 cxd5,"This is a game between Capablanca,J (as White) and Lasker,Em (as Black). Last move played: Black plays Pawn takes on d5",Slight advantage for White (eval: 31 centipawns),5. Bf4 ,4... cxd5 5. Bf4 
